label,paper_id,experiment_id,silo,algorithm_family,fidelity,paper_fidelity,faithfulness_tier,paper_exact_claim_eligible,claim_scope,phase8_runnable,h4_evaluated,h4_passes_all,h4_failure_class,h4_failed_criteria,h4_tau_runtime,h4_full_t_count,h4_tau_t_depth,classical_baseline_scale_type,headline_h4_baseline_eligible,proxy_template,circuit_path,proxy_justification_path,circuit_sha256
SD1,0608ad48d5b8,exp_1,derivative-pricing,quantum-simulation,P,proxy,proxy,False,proxy coverage/sensitivity only,True,False,,,,,,,,,ansatz_stretch,p4_experiments/experiments/silos/derivative_pricing/0608ad48d5b8__exp_1/circuit.py,p4_experiments/experiments/silos/derivative_pricing/0608ad48d5b8__exp_1/proxy_justification_SD1.md,009a19d8656ae4cafc2bd143433cb6bc81362e9ce103f16d495af138bf8664b5
SD10,9b277c9234e8,exp_1,derivative-pricing,other-gate-based,F,paper-faithful-template,paper-family-template,False,template/family-faithful only; not paper-exact,True,True,False,trivial_oracle_or_no_non_clifford_depth,C3_full_t_count_gt_0;C4_tau_tdepth_ge_10,1.9361702127659572,0.0,2.0,,,,p4_experiments/experiments/silos/derivative_pricing/9b277c9234e8__exp_1/circuit.py,,311fed4abd7f18ab20c63652a5f4eee373ff31565fc5f0356e76ba04a67d2e5d
SD11,af45ea1743f6,exp_1,derivative-pricing,quantum-ml,P,proxy,proxy,False,proxy coverage/sensitivity only,True,False,,,,,,,,,qgan_qae,p4_experiments/experiments/silos/derivative_pricing/af45ea1743f6/circuit.py,p4_experiments/experiments/silos/derivative_pricing/af45ea1743f6/proxy_justification_SD11.md,3d2604e05445c285eb91af14024e1f297a97fd468631c18c5d7218f31429a2b1
SD12,cb8d976cb90c,exp_1,derivative-pricing,other-gate-based,F,paper-faithful-template,paper-family-template,False,template/family-faithful only; not paper-exact,True,True,False,trivial_oracle_or_no_non_clifford_depth,C2_full_runtime_lt_baseline;C3_full_t_count_gt_0;C4_tau_tdepth_ge_10;C5_baseline_ge_0_01s,1.9361702127659572,0.0,2.0,,,,p4_experiments/experiments/silos/derivative_pricing/cb8d976cb90c/circuit.py,,2eef43fe82044fb459a358fe34b01b0374821f85498dc2ccd60da012b0e3fd1e
SD13,cb8d976cb90c,exp_2,derivative-pricing,other-gate-based,F,paper-faithful-template,paper-family-template,False,template/family-faithful only; not paper-exact,True,True,False,trivial_oracle_or_no_non_clifford_depth,C3_full_t_count_gt_0;C4_tau_tdepth_ge_10;C5_baseline_ge_0_01s,1.9361702127659572,0.0,2.0,,,,p4_experiments/experiments/silos/derivative_pricing/cb8d976cb90c__exp_2/circuit.py,,7de7622b573983a2de045e4f1802e02310e2b771c600bb1059893201f6b9fe09
SD14,d429e0713a3d,exp_3,derivative-pricing,other-gate-based,P,proxy,proxy,False,proxy coverage/sensitivity only,True,False,,,,,,,,,ansatz_stretch,p4_experiments/experiments/silos/derivative_pricing/d429e0713a3d__exp_3/circuit.py,p4_experiments/experiments/silos/derivative_pricing/d429e0713a3d__exp_3/proxy_justification_SD14.md,c48e54fff7e51e7ed37f07c13b2531ee0a80e3e69dff9092a556ab69e7fd4322
SD15,d429e0713a3d,exp_4,derivative-pricing,amplitude-estimation,P,proxy,proxy,False,proxy coverage/sensitivity only,True,False,,,,,,,,,qae,p4_experiments/experiments/silos/derivative_pricing/d429e0713a3d__exp_4/circuit.py,p4_experiments/experiments/silos/derivative_pricing/d429e0713a3d__exp_4/proxy_justification_SD15.md,c5e70d0fd250206807221959c31263fb661257ec8aa5dbf789c4c5ff1c501c3d
SD16,d429e0713a3d,exp_5,derivative-pricing,hybrid,P,proxy,proxy,False,proxy coverage/sensitivity only,True,False,,,,,,,,,ansatz_stretch,p4_experiments/experiments/silos/derivative_pricing/d429e0713a3d__exp_5/circuit.py,p4_experiments/experiments/silos/derivative_pricing/d429e0713a3d__exp_5/proxy_justification_SD16.md,bc6b732df10ee143440b4c5cb53b278bac78288da8c7ec8398f0a065f20d1f81
SD2,081132e62980,exp_1,derivative-pricing,other-gate-based,P,proxy,proxy,False,proxy coverage/sensitivity only,True,False,,,,,,,,,ansatz_stretch,p4_experiments/experiments/silos/derivative_pricing/081132e62980/circuit.py,p4_experiments/experiments/silos/derivative_pricing/081132e62980/proxy_justification_SD2.md,3398e3d16b78ed01b4f1190273789deb52c36ab25a86905395c77bd9adf59707
SD3,1bf880322e6f,exp_5,derivative-pricing,hhl,F,paper-faithful-template,paper-family-template,False,template/family-faithful only; not paper-exact,True,True,False,classical_baseline_too_small_and_not_beaten,C1_tau_runtime_lt_10;C2_full_runtime_lt_baseline;C5_baseline_ge_0_01s,241.8888888888889,14.0,160.0,,,,p4_experiments/experiments/silos/derivative_pricing/1bf880322e6f__exp_5/circuit.py,,e825c71fc7e7ff694fc204c219921a3c32687dab6e68d52c2c1b965f14ac9209
SD4,1d44742c9e15,exp_1,derivative-pricing,other-gate-based,P,proxy,proxy,False,proxy coverage/sensitivity only,True,False,,,,,,,,,ansatz_stretch,p4_experiments/experiments/silos/derivative_pricing/1d44742c9e15/circuit.py,p4_experiments/experiments/silos/derivative_pricing/1d44742c9e15/proxy_justification_SD4.md,6954f406e44bb7536e8f7f9c90a48707771e4f1dab5ce5c15855361d93fcd3d3
SD5,349c85ac46df,exp_1,derivative-pricing,quantum-simulation,P,proxy,proxy,False,proxy coverage/sensitivity only,True,False,,,,,,,,,ansatz_stretch,p4_experiments/experiments/silos/derivative_pricing/349c85ac46df/circuit.py,p4_experiments/experiments/silos/derivative_pricing/349c85ac46df/proxy_justification_SD5.md,0d8351f8c0d57ca42e66001b382e9d91ed336aeaa2d291fbd73d279a998d782d
SD6,439a750eda8c,exp_1,derivative-pricing,classical-simulation,P,proxy,proxy,False,proxy coverage/sensitivity only,True,False,,,,,,,,,ansatz_stretch,p4_experiments/experiments/silos/derivative_pricing/439a750eda8c/circuit.py,p4_experiments/experiments/silos/derivative_pricing/439a750eda8c/proxy_justification_SD6.md,524cd334d2deeb1a4265aa66d081d45f78c15440bdd19e585bfa8c6e1c0ae317
SD7,439a750eda8c,exp_2,derivative-pricing,classical-simulation,F,paper-faithful-template,paper-family-template,False,template/family-faithful only; not paper-exact,True,True,False,trivial_oracle_or_no_non_clifford_depth,C2_full_runtime_lt_baseline;C3_full_t_count_gt_0;C4_tau_tdepth_ge_10;C5_baseline_ge_0_01s,1.9438202247191012,0.0,2.0,,,,p4_experiments/experiments/silos/derivative_pricing/439a750eda8c__exp_2/circuit.py,,2583297b7f3c8ef338786e2010008fde434d4ac6ea2590debcc2322dd05ca3d7
SD8,871c63b61487,exp_1,derivative-pricing,other-gate-based,F,paper-faithful-template,paper-family-template,False,template/family-faithful only; not paper-exact,True,True,False,trivial_oracle_or_no_non_clifford_depth,C2_full_runtime_lt_baseline;C3_full_t_count_gt_0;C4_tau_tdepth_ge_10;C5_baseline_ge_0_01s,1.9438202247191012,0.0,2.0,,,,p4_experiments/experiments/silos/derivative_pricing/871c63b61487__exp_1/circuit.py,,688588528105c0fbdc188f7eacfd708247051f7980eca22bb7600000ae29c3ee
SD9,872cedb13e27,exp_1,derivative-pricing,other-gate-based,P,proxy,proxy,False,proxy coverage/sensitivity only,True,False,,,,,,,,,ansatz_stretch,p4_experiments/experiments/silos/derivative_pricing/872cedb13e27__exp_1/circuit.py,p4_experiments/experiments/silos/derivative_pricing/872cedb13e27__exp_1/proxy_justification_SD9.md,e96a9aa3d43da7da8cf7cf7671ad525bc311e5802df8dd194ed1e207e0bb0758
SF1,76a87207ec32,exp_1,fraud-detection,amplitude-estimation,P,proxy,proxy,False,proxy coverage/sensitivity only,True,False,,,,,,,,,qae,p4_experiments/experiments/silos/fraud_detection/76a87207ec32/circuit.py,p4_experiments/experiments/silos/fraud_detection/76a87207ec32/proxy_justification_SF1.md,7d427be0bbbbb9b49ae12f03f9b40d467aa550b70a28dc318af896cf25599636
SF2,8fec8d839e47,exp_1,fraud-detection,other-gate-based,P,proxy,proxy,False,proxy coverage/sensitivity only,True,False,,,,,,,,,ansatz_stretch,p4_experiments/experiments/silos/fraud_detection/8fec8d839e47/circuit.py,p4_experiments/experiments/silos/fraud_detection/8fec8d839e47/proxy_justification_SF2.md,7f04b740f8db2328beac03e87f8d4ac79977f20ccedd23a34e8084866db722e8
SM1,48cd8220e3b2,exp_1,simulation-monte-carlo,other-gate-based,P,proxy,proxy,False,proxy coverage/sensitivity only,True,False,,,,,,,,,ansatz_stretch,p4_experiments/experiments/silos/simulation_monte_carlo/48cd8220e3b2/circuit.py,p4_experiments/experiments/silos/simulation_monte_carlo/48cd8220e3b2/proxy_justification_SM1.md,7054a810e2325616b9c1194d7ab6381760a5d7d827b8e73460da7abcaf1b5b49
SM2,623597ee0f9c,exp_1,simulation-monte-carlo,amplitude-estimation,P,proxy,proxy,False,proxy coverage/sensitivity only,True,False,,,,,,,,,qae,p4_experiments/experiments/silos/simulation_monte_carlo/623597ee0f9c/circuit.py,p4_experiments/experiments/silos/simulation_monte_carlo/623597ee0f9c/proxy_justification_SM2.md,4c7cd6e7d9c352efe976b28055f326a06cf9c07dbe9b4e6e9ae63ac1323cf056
SM3,646bd6bbd935,exp_1,simulation-monte-carlo,other-gate-based,P,proxy,proxy,False,proxy coverage/sensitivity only,True,False,,,,,,,,,ansatz_stretch,p4_experiments/experiments/silos/simulation_monte_carlo/646bd6bbd935/circuit.py,p4_experiments/experiments/silos/simulation_monte_carlo/646bd6bbd935/proxy_justification_SM3.md,5daf3860af4f72dec8a50b4c3a4247c1affd992b56703be1a48852c880155157
SM4,75a7b04fa681,exp_3,simulation-monte-carlo,other-gate-based,P,proxy,proxy,False,proxy coverage/sensitivity only,True,False,,,,,,,,,ansatz_stretch,p4_experiments/experiments/silos/simulation_monte_carlo/75a7b04fa681__exp_3/circuit.py,p4_experiments/experiments/silos/simulation_monte_carlo/75a7b04fa681__exp_3/proxy_justification_SM4.md,5ae770cb956d718f46291317470a30659d6e4e3bdb3593215d14e1c2ff6ba1b3
SM5,8f553bfb1077,exp_1,simulation-monte-carlo,other-gate-based,F,paper-faithful-template,paper-family-template,False,template/family-faithful only; not paper-exact,True,True,False,trivial_oracle_or_no_non_clifford_depth,C2_full_runtime_lt_baseline;C3_full_t_count_gt_0;C4_tau_tdepth_ge_10;C5_baseline_ge_0_01s,1.9438202247191012,0.0,2.0,,,,p4_experiments/experiments/silos/simulation_monte_carlo/8f553bfb1077__exp_1/circuit.py,,5badab9b04e193722c144ef98e5ddd12b4ce1475b4e5e03d162cf4f2f3b2bbe8
SM6,8f553bfb1077,exp_2,simulation-monte-carlo,other-gate-based,P,proxy,proxy,False,proxy coverage/sensitivity only,True,False,,,,,,,,,qae,p4_experiments/experiments/silos/simulation_monte_carlo/8f553bfb1077/circuit.py,p4_experiments/experiments/silos/simulation_monte_carlo/8f553bfb1077/proxy_justification_SM6.md,38eaac7b6925d7b6391116f40e39f0b891b6792665eb76bed816ea50a0d7cbd1
SM7,8f553bfb1077,exp_3,simulation-monte-carlo,amplitude-estimation,P,proxy,proxy,False,proxy coverage/sensitivity only,True,False,,,,,,,,,qae,p4_experiments/experiments/silos/simulation_monte_carlo/8f553bfb1077/circuit.py,p4_experiments/experiments/silos/simulation_monte_carlo/8f553bfb1077/proxy_justification_SM7.md,a4478956728d2c2b40e8a4a5ac5afe7a4dcf4aa17ce7084c99f59a574e531526
SM8,e922f913e80b,exp_1,simulation-monte-carlo,amplitude-estimation,P,proxy,proxy,False,proxy coverage/sensitivity only,True,False,,,,,,,,,qae,p4_experiments/experiments/silos/simulation_monte_carlo/e922f913e80b/circuit.py,p4_experiments/experiments/silos/simulation_monte_carlo/e922f913e80b/proxy_justification_SM8.md,b7c430b8d084bf38d28e2716b29daaa922163c61f63c4503dd9d483ddc1e891a
SP1,378c2a73ea46,exp_1,portfolio-optimization,other-gate-based,P,proxy,proxy,False,proxy coverage/sensitivity only,True,False,,,,,,,,,amplitude_encoding,p4_experiments/experiments/silos/portfolio_optimization/378c2a73ea46/circuit.py,p4_experiments/experiments/silos/portfolio_optimization/378c2a73ea46/proxy_justification_SP1.md,ac8dd14cb1a29a593f08c6c76fe401b72c0a796450c3e0c1c76838adb03d70f8
SP2,378c2a73ea46,exp_3,portfolio-optimization,other-gate-based,P,proxy,proxy,False,proxy coverage/sensitivity only,True,False,,,,,,,,,ansatz_stretch,p4_experiments/experiments/silos/portfolio_optimization/378c2a73ea46__exp_3/circuit.py,p4_experiments/experiments/silos/portfolio_optimization/378c2a73ea46__exp_3/proxy_justification_SP2.md,ecc6d47836dbafa1876b86dca921ecfc55f46bdd1d067fd4f3eb8b734ac4de5e
SP3,de580e8c085e,exp_1,portfolio-optimization,other-gate-based,P,proxy,proxy,False,proxy coverage/sensitivity only,True,False,,,,,,,,,ansatz_stretch,p4_experiments/experiments/silos/portfolio_optimization/de580e8c085e/circuit.py,p4_experiments/experiments/silos/portfolio_optimization/de580e8c085e/proxy_justification_SP3.md,070be3d4c08b58f0221145bab2000a413b8d7c61aafd205458379efff00d24fb
SQ1,14777484b99d,exp_1,quantum-ml-finance,other-gate-based,P,proxy,proxy,False,proxy coverage/sensitivity only,True,False,,,,,,,,,ansatz_stretch,p4_experiments/experiments/silos/quantum_ml_finance/14777484b99d/circuit.py,p4_experiments/experiments/silos/quantum_ml_finance/14777484b99d/proxy_justification_SQ1.md,a7de835b44d82735ad1de852244a9812b3caab6cb291e67b859626e5ea7195fb
SQ10,53a718c11ea8,exp_3,quantum-ml-finance,other-gate-based,P,proxy,proxy,False,proxy coverage/sensitivity only,True,False,,,,,,,,,ansatz_stretch,p4_experiments/experiments/silos/quantum_ml_finance/53a718c11ea8/circuit.py,p4_experiments/experiments/silos/quantum_ml_finance/53a718c11ea8/proxy_justification_SQ10.md,74d2d4ab073d28ea537c6f0ca2ce7f388f86979696e7e494be29b2bd3adc1672
SQ11,53a718c11ea8,exp_4,quantum-ml-finance,quantum-svm,P,proxy,proxy,False,proxy coverage/sensitivity only,True,False,,,,,,,,,ansatz_stretch,p4_experiments/experiments/silos/quantum_ml_finance/53a718c11ea8/circuit.py,p4_experiments/experiments/silos/quantum_ml_finance/53a718c11ea8/proxy_justification_SQ11.md,74b5c5dac08d3bc8563b2c57c61f0628afbaf384ab1685b169f80faaf70d813d
SQ12,5413b7728054,exp_1,quantum-ml-finance,quantum-svm,P,proxy,proxy,False,proxy coverage/sensitivity only,True,False,,,,,,,,,ansatz_stretch,p4_experiments/experiments/silos/quantum_ml_finance/5413b7728054__exp_1/circuit.py,p4_experiments/experiments/silos/quantum_ml_finance/5413b7728054__exp_1/proxy_justification_SQ12.md,9d21e18cf36b6fc86df7f6559b1935c82487a21cbfbb84ad47a09816a8c6b44d
SQ13,59cca9744140,exp_1,quantum-ml-finance,other-gate-based,P,proxy,proxy,False,proxy coverage/sensitivity only,True,False,,,,,,,,,ansatz_stretch,p4_experiments/experiments/silos/quantum_ml_finance/59cca9744140/circuit.py,p4_experiments/experiments/silos/quantum_ml_finance/59cca9744140/proxy_justification_SQ13.md,83b353dbfd20510eab46f40470cb17c43d30b2f8c475e3f101eaa5b80ab5ed6f
SQ14,75eee58caf3a,exp_3,quantum-ml-finance,quantum-ml,P,proxy,proxy,False,proxy coverage/sensitivity only,True,False,,,,,,,,,ansatz_stretch,p4_experiments/experiments/silos/quantum_ml_finance/75eee58caf3a__exp_3/circuit.py,p4_experiments/experiments/silos/quantum_ml_finance/75eee58caf3a__exp_3/proxy_justification_SQ14.md,727c4bff0062baea600bcf60ea9ebb7e0b5a1c08afb41224039a99e48aa334a3
SQ15,75eee58caf3a,exp_4,quantum-ml-finance,quantum-ml,P,proxy,proxy,False,proxy coverage/sensitivity only,True,False,,,,,,,,,ansatz_stretch,p4_experiments/experiments/silos/quantum_ml_finance/75eee58caf3a__exp_4/circuit.py,p4_experiments/experiments/silos/quantum_ml_finance/75eee58caf3a__exp_4/proxy_justification_SQ15.md,19d09ccfc3a1ca84204ad41b26978657c5f85dbf8981e85f0b0178d7fd934809
SQ16,7eefd96d7f06,exp_3,quantum-ml-finance,other-gate-based,P,proxy,proxy,False,proxy coverage/sensitivity only,True,False,,,,,,,,,ansatz_stretch,p4_experiments/experiments/silos/quantum_ml_finance/7eefd96d7f06__exp_3/circuit.py,p4_experiments/experiments/silos/quantum_ml_finance/7eefd96d7f06__exp_3/proxy_justification_SQ16.md,efc4d5805cbae1f3e2ebb59b3d6c7bd22f45734363ec2dd18cb236882feb9258
SQ17,7eefd96d7f06,exp_4,quantum-ml-finance,quantum-ml,F,paper-faithful-template,paper-family-template,False,template/family-faithful only; not paper-exact,True,True,False,trivial_oracle_or_no_non_clifford_depth,C3_full_t_count_gt_0;C4_tau_tdepth_ge_10,2.0697674418604652,0.0,2.0,,,,p4_experiments/experiments/silos/quantum_ml_finance/7eefd96d7f06/circuit.py,,db0d5abeba641ef9a6d8527466b4330543e90c3e29220c72b15da733fd8a5f11
SQ18,86891f250a78,exp_2,quantum-ml-finance,other-gate-based,F,paper-faithful-template,paper-family-template,False,template/family-faithful only; not paper-exact,True,True,False,trivial_oracle_or_no_non_clifford_depth,C3_full_t_count_gt_0;C4_tau_tdepth_ge_10;C5_baseline_ge_0_01s,1.9438202247191012,0.0,2.0,,,,p4_experiments/experiments/silos/quantum_ml_finance/86891f250a78/circuit.py,,1eedce721ad93797b98bd44930a690dbce36889b565eaafed3a0d52dfe2b2eb3
SQ19,b3543c214d69,exp_1,quantum-ml-finance,quantum-svm,P,proxy,proxy,False,proxy coverage/sensitivity only,True,False,,,,,,,,,paper_specific_no_template,p4_experiments/experiments/silos/quantum_ml_finance/b3543c214d69/circuit.py,p4_experiments/experiments/silos/quantum_ml_finance/b3543c214d69/proxy_justification_SQ19.md,c801f3f5db0477cdc62563b79aec62df1285a37f115318d236035b086b5704d0
SQ2,26d9ab80fc82,exp_1,quantum-ml-finance,quantum-ml,P,proxy,proxy,False,proxy coverage/sensitivity only,True,False,,,,,,,,,ansatz_stretch,p4_experiments/experiments/silos/quantum_ml_finance/26d9ab80fc82/circuit.py,p4_experiments/experiments/silos/quantum_ml_finance/26d9ab80fc82/proxy_justification_SQ2.md,60c941d1b3cda9694fa176bb8e2f5557b1b0beedc0ed3565520467ce43bb6fef
SQ20,b3543c214d69,exp_2,quantum-ml-finance,quantum-svm,P,proxy,proxy,False,proxy coverage/sensitivity only,True,False,,,,,,,,,amplitude_encoding,p4_experiments/experiments/silos/quantum_ml_finance/b3543c214d69__exp_2/circuit.py,p4_experiments/experiments/silos/quantum_ml_finance/b3543c214d69__exp_2/proxy_justification_SQ20.md,8f4db938e8258a5848140dad0c2b618d2e80fac218058be2bea5f0569c2e23fc
SQ21,c48c60134357,exp_1,quantum-ml-finance,other-gate-based,P,proxy,proxy,False,proxy coverage/sensitivity only,True,False,,,,,,,,,ansatz_stretch,p4_experiments/experiments/silos/quantum_ml_finance/c48c60134357__exp_1/circuit.py,p4_experiments/experiments/silos/quantum_ml_finance/c48c60134357__exp_1/proxy_justification_SQ21.md,2568837655cdcf2f61ea4b73615f4206b411ac2019a6ae7c266f3ede8baaa842
SQ22,c48c60134357,exp_2,quantum-ml-finance,other-gate-based,P,proxy,proxy,False,proxy coverage/sensitivity only,True,False,,,,,,,,,ansatz_stretch,p4_experiments/experiments/silos/quantum_ml_finance/c48c60134357__exp_2/circuit.py,p4_experiments/experiments/silos/quantum_ml_finance/c48c60134357__exp_2/proxy_justification_SQ22.md,a115b7b817d2a9e0325c6da0cf414e687b903236c2e9a09815ef36d6ba4e2403
SQ23,c48c60134357,exp_3,quantum-ml-finance,other-gate-based,P,proxy,proxy,False,proxy coverage/sensitivity only,True,False,,,,,,,,,ansatz_stretch,p4_experiments/experiments/silos/quantum_ml_finance/c48c60134357__exp_3/circuit.py,p4_experiments/experiments/silos/quantum_ml_finance/c48c60134357__exp_3/proxy_justification_SQ23.md,5af2e89d9f42d83576eb76108f94f6964b37e796c2609bd23c4701ef34854a2e
SQ24,c57f6422ed7b,exp_1,quantum-ml-finance,quantum-ml,P,proxy,proxy,False,proxy coverage/sensitivity only,True,False,,,,,,,,,paper_specific_no_template,p4_experiments/experiments/silos/quantum_ml_finance/c57f6422ed7b/circuit.py,p4_experiments/experiments/silos/quantum_ml_finance/c57f6422ed7b/proxy_justification_SQ24.md,764f553d0b34ebe602a1a986bc0b3bcb3df948a464aef500c89f3ad8c08f3862
SQ25,c99a158445ec,exp_1,quantum-ml-finance,other-gate-based,P,proxy,proxy,False,proxy coverage/sensitivity only,True,False,,,,,,,,,ansatz_stretch,p4_experiments/experiments/silos/quantum_ml_finance/c99a158445ec/circuit.py,p4_experiments/experiments/silos/quantum_ml_finance/c99a158445ec/proxy_justification_SQ25.md,c6e7dc25aafe7e5ab6d5da02bb2c9caeaf77e8bb93307470b2b8a53ec4d92e8b
SQ26,f94276561f48,exp_1,quantum-ml-finance,quantum-ml,P,proxy,proxy,False,proxy coverage/sensitivity only,True,False,,,,,,,,,ansatz_stretch,p4_experiments/experiments/silos/quantum_ml_finance/f94276561f48__exp_1/circuit.py,p4_experiments/experiments/silos/quantum_ml_finance/f94276561f48__exp_1/proxy_justification_SQ26.md,c78efd1380c5d9a21e432fb97ecf7fb333e734092cb18ad6de8546cffec04a18
SQ27,f94276561f48,exp_2,quantum-ml-finance,quantum-ml,P,proxy,proxy,False,proxy coverage/sensitivity only,True,False,,,,,,,,,ansatz_stretch,p4_experiments/experiments/silos/quantum_ml_finance/f94276561f48__exp_2/circuit.py,p4_experiments/experiments/silos/quantum_ml_finance/f94276561f48__exp_2/proxy_justification_SQ27.md,02a680f922be3c0a6c333a962add2fac6abbb65a63c07f6e57a1a84c5d91038d
SQ28,f94276561f48,exp_3,quantum-ml-finance,quantum-ml,P,proxy,proxy,False,proxy coverage/sensitivity only,True,False,,,,,,,,,ansatz_stretch,p4_experiments/experiments/silos/quantum_ml_finance/f94276561f48__exp_3/circuit.py,p4_experiments/experiments/silos/quantum_ml_finance/f94276561f48__exp_3/proxy_justification_SQ28.md,ae2caa5121a121171a46b4f41dedbae8f1e92d8fbfe5e19f207b9675ab974487
SQ29,f94276561f48,exp_4,quantum-ml-finance,quantum-ml,P,proxy,proxy,False,proxy coverage/sensitivity only,True,False,,,,,,,,,ansatz_stretch,p4_experiments/experiments/silos/quantum_ml_finance/f94276561f48__exp_4/circuit.py,p4_experiments/experiments/silos/quantum_ml_finance/f94276561f48__exp_4/proxy_justification_SQ29.md,9764f735a6b9b77082ccbd728457183829e95ff62dc961cea13d844e076a1aa7
SQ3,2a0770a1a995,exp_1,quantum-ml-finance,quantum-ml,P,proxy,proxy,False,proxy coverage/sensitivity only,True,False,,,,,,,,,ansatz_stretch,p4_experiments/experiments/silos/quantum_ml_finance/2a0770a1a995/circuit.py,p4_experiments/experiments/silos/quantum_ml_finance/2a0770a1a995/proxy_justification_SQ3.md,e5ee1a94a7ed0166523080c9142dff663c337f16960def16be5dbbef6a4e1ef3
SQ30,f94276561f48,exp_5,quantum-ml-finance,quantum-ml,P,proxy,proxy,False,proxy coverage/sensitivity only,True,False,,,,,,,,,ansatz_stretch,p4_experiments/experiments/silos/quantum_ml_finance/f94276561f48__exp_5/circuit.py,p4_experiments/experiments/silos/quantum_ml_finance/f94276561f48__exp_5/proxy_justification_SQ30.md,e72d974f9a338a8debe74c0713a69ab858fbad0b41eed6059ca96b1f409130e5
SQ31,f94276561f48,exp_6,quantum-ml-finance,quantum-ml,P,proxy,proxy,False,proxy coverage/sensitivity only,True,False,,,,,,,,,ansatz_stretch,p4_experiments/experiments/silos/quantum_ml_finance/f94276561f48__exp_6/circuit.py,p4_experiments/experiments/silos/quantum_ml_finance/f94276561f48__exp_6/proxy_justification_SQ31.md,8b08a142b739cc58b59c5af582bad9f31094073b2a331aa169cbecaf4f59c32b
SQ32,f94276561f48,exp_7,quantum-ml-finance,quantum-ml,P,proxy,proxy,False,proxy coverage/sensitivity only,True,False,,,,,,,,,ansatz_stretch,p4_experiments/experiments/silos/quantum_ml_finance/f94276561f48__exp_7/circuit.py,p4_experiments/experiments/silos/quantum_ml_finance/f94276561f48__exp_7/proxy_justification_SQ32.md,cd358664278cd4eef2a176e039c8792acb54339f0cd890d7b5ec64354a0ed1f7
SQ4,2a0770a1a995,exp_2,quantum-ml-finance,quantum-ml,P,proxy,proxy,False,proxy coverage/sensitivity only,True,False,,,,,,,,,ansatz_stretch,p4_experiments/experiments/silos/quantum_ml_finance/2a0770a1a995/circuit.py,p4_experiments/experiments/silos/quantum_ml_finance/2a0770a1a995/proxy_justification_SQ4.md,e5ee1a94a7ed0166523080c9142dff663c337f16960def16be5dbbef6a4e1ef3
SQ5,2a0770a1a995,exp_3,quantum-ml-finance,quantum-ml,F,paper-faithful-template,paper-family-template,False,template/family-faithful only; not paper-exact,True,True,False,trivial_oracle_or_no_non_clifford_depth,C3_full_t_count_gt_0;C4_tau_tdepth_ge_10;C5_baseline_ge_0_01s,1.9361702127659572,0.0,2.0,,,,p4_experiments/experiments/silos/quantum_ml_finance/2a0770a1a995/circuit.py,,e5ee1a94a7ed0166523080c9142dff663c337f16960def16be5dbbef6a4e1ef3
SQ6,2a9cd8a96604,exp_1,quantum-ml-finance,quantum-ml,P,proxy,proxy,False,proxy coverage/sensitivity only,True,False,,,,,,,,,ansatz_stretch,p4_experiments/experiments/silos/quantum_ml_finance/2a9cd8a96604/circuit.py,p4_experiments/experiments/silos/quantum_ml_finance/2a9cd8a96604/proxy_justification_SQ6.md,2398b9daf092556b6f3e5eadf4b40eb834890de8226a24adab7e281c12ede66b
SQ7,2fe0d0f15604,exp_1,quantum-ml-finance,vqe,P,proxy,proxy,False,proxy coverage/sensitivity only,True,False,,,,,,,,,paper_specific_no_template,p4_experiments/experiments/silos/quantum_ml_finance/2fe0d0f15604/circuit.py,p4_experiments/experiments/silos/quantum_ml_finance/2fe0d0f15604/proxy_justification_SQ7.md,9150dd2cf8c3bdf67127f16ebc42f1e5a4f87cbc143582d5e70f426cadb56b91
SQ8,53a718c11ea8,exp_1,quantum-ml-finance,other-gate-based,P,proxy,proxy,False,proxy coverage/sensitivity only,True,False,,,,,,,,,ansatz_stretch,p4_experiments/experiments/silos/quantum_ml_finance/53a718c11ea8/circuit.py,p4_experiments/experiments/silos/quantum_ml_finance/53a718c11ea8/proxy_justification_SQ8.md,74d2d4ab073d28ea537c6f0ca2ce7f388f86979696e7e494be29b2bd3adc1672
SQ9,53a718c11ea8,exp_2,quantum-ml-finance,other-gate-based,P,proxy,proxy,False,proxy coverage/sensitivity only,True,False,,,,,,,,,ansatz_stretch,p4_experiments/experiments/silos/quantum_ml_finance/53a718c11ea8/circuit.py,p4_experiments/experiments/silos/quantum_ml_finance/53a718c11ea8/proxy_justification_SQ9.md,74d2d4ab073d28ea537c6f0ca2ce7f388f86979696e7e494be29b2bd3adc1672
ST1,3adb18321a79,exp_1,trading-execution,hhl,P,proxy,proxy,False,proxy coverage/sensitivity only,True,False,,,,,,,,,ansatz_stretch,p4_experiments/experiments/silos/trading_execution/3adb18321a79/circuit.py,p4_experiments/experiments/silos/trading_execution/3adb18321a79/proxy_justification_ST1.md,8f86891b5d7a6d476790b0b90f891b8cb2b3aa510f4de358ed17366ea2f4c57b
ST2,3adb18321a79,exp_2,trading-execution,hhl,P,proxy,proxy,False,proxy coverage/sensitivity only,True,False,,,,,,,,,ansatz_stretch,p4_experiments/experiments/silos/trading_execution/3adb18321a79/circuit.py,p4_experiments/experiments/silos/trading_execution/3adb18321a79/proxy_justification_ST2.md,8f86891b5d7a6d476790b0b90f891b8cb2b3aa510f4de358ed17366ea2f4c57b
SX1,7cfdb2957f6c,exp_1,other,hhl,P,proxy,proxy,False,proxy coverage/sensitivity only,True,False,,,,,,,,,ansatz_stretch,p4_experiments/experiments/silos/other/7cfdb2957f6c/circuit.py,p4_experiments/experiments/silos/other/7cfdb2957f6c/proxy_justification_SX1.md,b7c13d8fd047ba23a463c95fecaa894bbac50e59b1ce20c09a062e8cb2f17f6b
SX2,7cfdb2957f6c,exp_2,other,hhl,F,paper-faithful-template,paper-family-template,False,template/family-faithful only; not paper-exact,True,True,False,trivial_oracle_or_no_non_clifford_depth,C3_full_t_count_gt_0;C4_tau_tdepth_ge_10;C5_baseline_ge_0_01s,1.9361702127659572,0.0,2.0,,,,p4_experiments/experiments/silos/other/7cfdb2957f6c__exp_2/circuit.py,,7f6566dace4c1840875c07298e1345ee1ca0715eb45d9bc7af75eab9018614c8
SX3,7cfdb2957f6c,exp_3,other,hhl,F,paper-faithful-template,paper-family-template,False,template/family-faithful only; not paper-exact,True,True,False,trivial_oracle_or_no_non_clifford_depth,C2_full_runtime_lt_baseline;C3_full_t_count_gt_0;C4_tau_tdepth_ge_10;C5_baseline_ge_0_01s,2.0500000000000003,0.0,2.0,,,,p4_experiments/experiments/silos/other/7cfdb2957f6c/circuit.py,,b7c13d8fd047ba23a463c95fecaa894bbac50e59b1ce20c09a062e8cb2f17f6b
SX4,7cfdb2957f6c,exp_4,other,hhl,P,proxy,proxy,False,proxy coverage/sensitivity only,True,False,,,,,,,,,ansatz_stretch,p4_experiments/experiments/silos/other/7cfdb2957f6c/circuit.py,p4_experiments/experiments/silos/other/7cfdb2957f6c/proxy_justification_SX4.md,b7c13d8fd047ba23a463c95fecaa894bbac50e59b1ce20c09a062e8cb2f17f6b
SX5,a2b747cae698,exp_1,other,amplitude-estimation,F,paper-faithful-template,paper-family-template,False,template/family-faithful only; not paper-exact,True,True,False,trivial_oracle_or_no_non_clifford_depth,C2_full_runtime_lt_baseline;C3_full_t_count_gt_0;C4_tau_tdepth_ge_10;C5_baseline_ge_0_01s,1.9438202247191012,0.0,2.0,,,,p4_experiments/experiments/silos/other/a2b747cae698/circuit.py,,be3706d2a95f122d4287d3660bb7cbfe79594ad5ad6a296a876c8e2e9a1addb9
SX6,a2b747cae698,exp_2,other,amplitude-estimation,P,proxy,proxy,False,proxy coverage/sensitivity only,True,False,,,,,,,,,ansatz_stretch,p4_experiments/experiments/silos/other/a2b747cae698__exp_2/circuit.py,p4_experiments/experiments/silos/other/a2b747cae698__exp_2/proxy_justification_SX6.md,fa48551370a314d26ff703a28a0f40c132e633a67ceaa4a74c377df4bcde823c
SX7,a2b747cae698,exp_3,other,amplitude-estimation,P,proxy,proxy,False,proxy coverage/sensitivity only,True,False,,,,,,,,,ansatz_stretch,p4_experiments/experiments/silos/other/a2b747cae698/circuit.py,p4_experiments/experiments/silos/other/a2b747cae698/proxy_justification_SX7.md,be3706d2a95f122d4287d3660bb7cbfe79594ad5ad6a296a876c8e2e9a1addb9
SX8,cd9329dc38ef,exp_3,cryptography-security,other-gate-based,P,proxy,proxy,False,proxy coverage/sensitivity only,True,False,,,,,,,,,ansatz_stretch,p4_experiments/experiments/silos/other/cd9329dc38ef__exp_3/circuit.py,p4_experiments/experiments/silos/other/cd9329dc38ef__exp_3/proxy_justification_SX8.md,dfdda4e815304ad7f773fe1bd613c8e629db8d4536729b9b3d19d3cac79f5e24
