label,paper_id,silo,algorithm_family_trace_only,faithfulness_tier,h4_eligible,anchor_profile,anchor_epsilon,bare_status,full_status,bare_runtime_seconds,full_runtime_seconds,runtime_tau,bare_t_count,full_t_count,t_count_regime,bare_t_depth,full_t_depth,t_depth_tau,full_num_tstates,delta_num_tstates,qdk_magic_delta_positive
SD1,0608ad48d5b8,derivative-pricing,quantum-simulation,proxy,False,maj_e6_floquet,1e-04,success,success,9.810000000000001e-05,0.0001953,1.9908256880733943,0,0,zero_logical_t_count,4,8,2.0,1224.0,648.0,True
SD10,9b277c9234e8,derivative-pricing,other-gate-based,paper-family-template,True,maj_e6_floquet,1e-04,success,success,8.460000000000001e-05,0.0001638,1.9361702127659572,0,0,zero_logical_t_count,4,8,2.0,768.0,384.0,True
SD11,af45ea1743f6,derivative-pricing,quantum-ml,proxy,False,maj_e6_floquet,1e-04,success,success,5.8500000000000006e-05,0.0408105,697.6153846153845,0,930,nonzero_logical_t_count,3,1207,402.3333333333333,37602.0,37377.0,True
SD12,cb8d976cb90c,derivative-pricing,other-gate-based,paper-family-template,True,maj_e6_floquet,1e-04,success,success,8.460000000000001e-05,0.0001638,1.9361702127659572,0,0,zero_logical_t_count,4,8,2.0,768.0,384.0,True
SD13,cb8d976cb90c,derivative-pricing,other-gate-based,paper-family-template,True,maj_e6_floquet,1e-04,success,success,8.460000000000001e-05,0.0001638,1.9361702127659572,0,0,zero_logical_t_count,4,8,2.0,768.0,384.0,True
SD14,d429e0713a3d,derivative-pricing,other-gate-based,proxy,False,maj_e6_floquet,1e-04,success,success,8.010000000000001e-05,0.00015570000000000002,1.9438202247191012,0,0,zero_logical_t_count,4,8,2.0,640.0,320.0,True
SD15,d429e0713a3d,derivative-pricing,amplitude-estimation,proxy,False,maj_e6_floquet,1e-04,success,success,5.8500000000000006e-05,0.0408105,697.6153846153845,0,930,nonzero_logical_t_count,3,1207,402.3333333333333,37602.0,37377.0,True
SD16,d429e0713a3d,derivative-pricing,hybrid,proxy,False,maj_e6_floquet,1e-04,success,success,8.010000000000001e-05,0.00015570000000000002,1.9438202247191012,0,0,zero_logical_t_count,4,8,2.0,640.0,320.0,True
SD2,081132e62980,derivative-pricing,other-gate-based,proxy,False,maj_e6_floquet,1e-04,success,success,8.010000000000001e-05,0.00015570000000000002,1.9438202247191012,0,0,zero_logical_t_count,4,8,2.0,640.0,320.0,True
SD3,1bf880322e6f,derivative-pricing,hhl,paper-family-template,True,maj_e6_floquet,1e-04,success,success,4.05e-05,0.009796500000000001,241.8888888888889,0,14,nonzero_logical_t_count,2,320,160.0,7878.0,7728.0,True
SD4,1d44742c9e15,derivative-pricing,vqe,proxy,False,maj_e6_floquet,1e-04,success,success,8.010000000000001e-05,0.00015570000000000002,1.9438202247191012,0,0,zero_logical_t_count,4,8,2.0,640.0,320.0,True
SD5,349c85ac46df,derivative-pricing,other-gate-based,proxy,False,maj_e6_floquet,1e-04,success,success,8.460000000000001e-05,0.0001638,1.9361702127659572,0,0,zero_logical_t_count,4,8,2.0,768.0,384.0,True
SD6,439a750eda8c,derivative-pricing,other-gate-based,proxy,False,maj_e6_floquet,1e-04,success,success,8.460000000000001e-05,0.0001638,1.9361702127659572,0,0,zero_logical_t_count,4,8,2.0,768.0,384.0,True
SD7,439a750eda8c,derivative-pricing,other-gate-based,paper-family-template,True,maj_e6_floquet,1e-04,success,success,8.010000000000001e-05,0.00015570000000000002,1.9438202247191012,0,0,zero_logical_t_count,4,8,2.0,640.0,320.0,True
SD8,871c63b61487,derivative-pricing,other-gate-based,paper-family-template,True,maj_e6_floquet,1e-04,success,success,8.010000000000001e-05,0.00015570000000000002,1.9438202247191012,0,0,zero_logical_t_count,4,8,2.0,640.0,320.0,True
SD9,872cedb13e27,derivative-pricing,other-gate-based,proxy,False,maj_e6_floquet,1e-04,success,success,8.460000000000001e-05,0.0001638,1.9361702127659572,0,0,zero_logical_t_count,4,8,2.0,768.0,384.0,True
SF1,76a87207ec32,fraud-detection,amplitude-estimation,proxy,False,maj_e6_floquet,1e-04,success,success,5.13e-05,0.006576,128.18713450292398,0,202,nonzero_logical_t_count,3,201,67.0,6046.0,5911.0,True
SF2,8fec8d839e47,fraud-detection,other-gate-based,proxy,False,maj_e6_floquet,1e-04,success,success,8.010000000000001e-05,0.00015570000000000002,1.9438202247191012,0,0,zero_logical_t_count,4,8,2.0,640.0,320.0,True
SM1,48cd8220e3b2,simulation-monte-carlo,other-gate-based,proxy,False,maj_e6_floquet,1e-04,success,success,8.460000000000001e-05,0.0001638,1.9361702127659572,0,0,zero_logical_t_count,4,8,2.0,768.0,384.0,True
SM2,623597ee0f9c,simulation-monte-carlo,amplitude-estimation,proxy,False,maj_e6_floquet,1e-04,success,success,5.4900000000000006e-05,0.013680000000000001,249.18032786885246,0,230,nonzero_logical_t_count,3,425,141.66666666666666,12624.0,12444.0,True
SM3,646bd6bbd935,simulation-monte-carlo,hybrid,proxy,False,maj_e6_floquet,1e-04,success,success,8.460000000000001e-05,0.0001638,1.9361702127659572,0,0,zero_logical_t_count,4,8,2.0,768.0,384.0,True
SM4,75a7b04fa681,simulation-monte-carlo,other-gate-based,proxy,False,maj_e6_floquet,1e-04,success,success,8.010000000000001e-05,0.00015570000000000002,1.9438202247191012,0,0,zero_logical_t_count,4,8,2.0,640.0,320.0,True
SM5,8f553bfb1077,simulation-monte-carlo,other-gate-based,paper-family-template,True,maj_e6_floquet,1e-04,success,success,8.010000000000001e-05,0.00015570000000000002,1.9438202247191012,0,0,zero_logical_t_count,4,8,2.0,640.0,320.0,True
SM6,8f553bfb1077,simulation-monte-carlo,amplitude-estimation,proxy,False,maj_e6_floquet,1e-04,success,success,8.010000000000001e-05,0.0408465,509.94382022471905,0,930,nonzero_logical_t_count,4,1208,302.0,37697.0,37377.0,True
SM7,8f553bfb1077,simulation-monte-carlo,amplitude-estimation,proxy,False,maj_e6_floquet,1e-04,success,success,8.010000000000001e-05,0.0408465,509.94382022471905,0,930,nonzero_logical_t_count,4,1208,302.0,37697.0,37377.0,True
SM8,e922f913e80b,simulation-monte-carlo,amplitude-estimation,proxy,False,maj_e6_floquet,1e-04,success,success,5.4900000000000006e-05,0.013680000000000001,249.18032786885246,0,230,nonzero_logical_t_count,3,425,141.66666666666666,12624.0,12444.0,True
SP1,378c2a73ea46,portfolio-optimization,quantum-svm,proxy,False,maj_e6_floquet,1e-04,success,success,0.00019350000000000001,0.00040050000000000003,2.0697674418604652,0,0,zero_logical_t_count,10,20,2.0,1700.0,900.0,True
SP2,378c2a73ea46,portfolio-optimization,other-gate-based,proxy,False,maj_e6_floquet,1e-04,success,success,8.010000000000001e-05,0.00015570000000000002,1.9438202247191012,0,0,zero_logical_t_count,4,8,2.0,640.0,320.0,True
SP3,de580e8c085e,portfolio-optimization,other-gate-based,proxy,False,maj_e6_floquet,1e-04,success,success,8.460000000000001e-05,0.0001638,1.9361702127659572,0,0,zero_logical_t_count,4,8,2.0,768.0,384.0,True
SQ1,14777484b99d,quantum-ml-finance,other-gate-based,proxy,False,maj_e6_floquet,1e-04,success,success,8.010000000000001e-05,0.00015570000000000002,1.9438202247191012,0,0,zero_logical_t_count,4,8,2.0,640.0,320.0,True
SQ10,53a718c11ea8,quantum-ml-finance,other-gate-based,proxy,False,maj_e6_floquet,1e-04,success,success,8.010000000000001e-05,0.00015570000000000002,1.9438202247191012,0,0,zero_logical_t_count,4,8,2.0,640.0,320.0,True
SQ11,53a718c11ea8,quantum-ml-finance,other-gate-based,proxy,False,maj_e6_floquet,1e-04,success,success,8.010000000000001e-05,0.00015570000000000002,1.9438202247191012,0,0,zero_logical_t_count,4,8,2.0,640.0,320.0,True
SQ12,5413b7728054,quantum-ml-finance,quantum-svm,proxy,False,maj_e6_floquet,1e-04,success,success,8.010000000000001e-05,0.00015570000000000002,1.9438202247191012,0,0,zero_logical_t_count,4,8,2.0,640.0,320.0,True
SQ13,59cca9744140,quantum-ml-finance,other-gate-based,proxy,False,maj_e6_floquet,1e-04,success,success,8.010000000000001e-05,0.00015570000000000002,1.9438202247191012,0,0,zero_logical_t_count,4,8,2.0,640.0,320.0,True
SQ14,75eee58caf3a,quantum-ml-finance,quantum-ml,proxy,False,maj_e6_floquet,1e-04,success,success,9.810000000000001e-05,0.0001953,1.9908256880733943,0,0,zero_logical_t_count,4,8,2.0,1224.0,648.0,True
SQ15,75eee58caf3a,quantum-ml-finance,quantum-ml,proxy,False,maj_e6_floquet,1e-04,success,success,0.0001071,0.00021150000000000002,1.9747899159663866,0,0,zero_logical_t_count,4,8,2.0,1496.0,792.0,True
SQ16,7eefd96d7f06,quantum-ml-finance,other-gate-based,proxy,False,maj_e6_floquet,1e-04,success,success,8.010000000000001e-05,0.00015570000000000002,1.9438202247191012,0,0,zero_logical_t_count,4,8,2.0,640.0,320.0,True
SQ17,7eefd96d7f06,quantum-ml-finance,quantum-ml,paper-family-template,True,maj_e6_floquet,1e-04,success,success,0.00019350000000000001,0.00040050000000000003,2.0697674418604652,0,0,zero_logical_t_count,10,20,2.0,1700.0,900.0,True
SQ18,86891f250a78,quantum-ml-finance,other-gate-based,paper-family-template,True,maj_e6_floquet,1e-04,success,success,8.010000000000001e-05,0.00015570000000000002,1.9438202247191012,0,0,zero_logical_t_count,4,8,2.0,640.0,320.0,True
SQ19,b3543c214d69,quantum-ml-finance,quantum-svm,proxy,False,maj_e6_floquet,1e-04,success,success,9.27e-05,0.00019350000000000001,2.087378640776699,0,0,zero_logical_t_count,6,12,2.0,320.0,170.0,True
SQ2,26d9ab80fc82,quantum-ml-finance,other-gate-based,proxy,False,maj_e6_floquet,1e-04,success,success,6.75e-05,0.0001395,2.066666666666667,0,0,zero_logical_t_count,4,8,2.0,384.0,204.0,True
SQ20,b3543c214d69,quantum-ml-finance,quantum-svm,proxy,False,maj_e6_floquet,1e-04,success,success,0.00017370000000000002,0.00034470000000000003,1.9844559585492227,0,0,zero_logical_t_count,10,20,2.0,960.0,480.0,True
SQ21,c48c60134357,quantum-ml-finance,other-gate-based,proxy,False,maj_e6_floquet,1e-04,success,success,8.010000000000001e-05,0.00015570000000000002,1.9438202247191012,0,0,zero_logical_t_count,4,8,2.0,640.0,320.0,True
SQ22,c48c60134357,quantum-ml-finance,other-gate-based,proxy,False,maj_e6_floquet,1e-04,success,success,8.010000000000001e-05,0.00015570000000000002,1.9438202247191012,0,0,zero_logical_t_count,4,8,2.0,640.0,320.0,True
SQ23,c48c60134357,quantum-ml-finance,other-gate-based,proxy,False,maj_e6_floquet,1e-04,success,success,8.010000000000001e-05,0.00015570000000000002,1.9438202247191012,0,0,zero_logical_t_count,4,8,2.0,640.0,320.0,True
SQ24,c57f6422ed7b,quantum-ml-finance,quantum-ml,proxy,False,maj_e6_floquet,1e-04,success,success,3.51e-05,0.006544500000000001,186.45299145299148,0,202,nonzero_logical_t_count,2,200,100.0,5992.0,5902.0,True
SQ25,c99a158445ec,quantum-ml-finance,other-gate-based,proxy,False,maj_e6_floquet,1e-04,success,success,7.2e-05,0.0001476,2.0500000000000003,0,0,zero_logical_t_count,4,8,2.0,512.0,272.0,True
SQ26,f94276561f48,quantum-ml-finance,quantum-ml,proxy,False,maj_e6_floquet,1e-04,success,success,8.460000000000001e-05,0.0001638,1.9361702127659572,0,0,zero_logical_t_count,4,8,2.0,768.0,384.0,True
SQ27,f94276561f48,quantum-ml-finance,quantum-ml,proxy,False,maj_e6_floquet,1e-04,success,success,8.460000000000001e-05,0.0001638,1.9361702127659572,0,0,zero_logical_t_count,4,8,2.0,768.0,384.0,True
SQ28,f94276561f48,quantum-ml-finance,quantum-ml,proxy,False,maj_e6_floquet,1e-04,success,success,8.460000000000001e-05,0.0001638,1.9361702127659572,0,0,zero_logical_t_count,4,8,2.0,768.0,384.0,True
SQ29,f94276561f48,quantum-ml-finance,quantum-ml,proxy,False,maj_e6_floquet,1e-04,success,success,8.460000000000001e-05,0.0001638,1.9361702127659572,0,0,zero_logical_t_count,4,8,2.0,768.0,384.0,True
SQ3,2a0770a1a995,quantum-ml-finance,other-gate-based,proxy,False,maj_e6_floquet,1e-04,success,success,8.460000000000001e-05,0.0001638,1.9361702127659572,0,0,zero_logical_t_count,4,8,2.0,768.0,384.0,True
SQ30,f94276561f48,quantum-ml-finance,quantum-ml,proxy,False,maj_e6_floquet,1e-04,success,success,9.360000000000001e-05,0.00018,1.923076923076923,0,0,zero_logical_t_count,4,8,2.0,1024.0,512.0,True
SQ31,f94276561f48,quantum-ml-finance,quantum-ml,proxy,False,maj_e6_floquet,1e-04,success,success,9.810000000000001e-05,0.0001953,1.9908256880733943,0,0,zero_logical_t_count,4,8,2.0,1224.0,648.0,True
SQ32,f94276561f48,quantum-ml-finance,quantum-ml,proxy,False,maj_e6_floquet,1e-04,success,success,9.360000000000001e-05,0.00018,1.923076923076923,0,0,zero_logical_t_count,4,8,2.0,1024.0,512.0,True
SQ4,2a0770a1a995,quantum-ml-finance,other-gate-based,proxy,False,maj_e6_floquet,1e-04,success,success,8.460000000000001e-05,0.0001638,1.9361702127659572,0,0,zero_logical_t_count,4,8,2.0,768.0,384.0,True
SQ5,2a0770a1a995,quantum-ml-finance,other-gate-based,paper-family-template,True,maj_e6_floquet,1e-04,success,success,8.460000000000001e-05,0.0001638,1.9361702127659572,0,0,zero_logical_t_count,4,8,2.0,768.0,384.0,True
SQ6,2a9cd8a96604,quantum-ml-finance,other-gate-based,proxy,False,maj_e6_floquet,1e-04,success,success,8.460000000000001e-05,0.0001638,1.9361702127659572,0,0,zero_logical_t_count,4,8,2.0,768.0,384.0,True
SQ7,2fe0d0f15604,quantum-ml-finance,other-gate-based,proxy,False,maj_e6_floquet,1e-04,success,success,3.51e-05,8.010000000000001e-05,2.2820512820512824,0,0,zero_logical_t_count,2,5,2.5,165.0,75.0,True
SQ8,53a718c11ea8,quantum-ml-finance,other-gate-based,proxy,False,maj_e6_floquet,1e-04,success,success,8.010000000000001e-05,0.00015570000000000002,1.9438202247191012,0,0,zero_logical_t_count,4,8,2.0,640.0,320.0,True
SQ9,53a718c11ea8,quantum-ml-finance,other-gate-based,proxy,False,maj_e6_floquet,1e-04,success,success,8.010000000000001e-05,0.00015570000000000002,1.9438202247191012,0,0,zero_logical_t_count,4,8,2.0,640.0,320.0,True
ST1,3adb18321a79,trading-execution,other-gate-based,proxy,False,maj_e6_floquet,1e-04,success,success,8.460000000000001e-05,0.0001638,1.9361702127659572,0,0,zero_logical_t_count,4,8,2.0,768.0,384.0,True
ST2,3adb18321a79,trading-execution,other-gate-based,proxy,False,maj_e6_floquet,1e-04,success,success,8.460000000000001e-05,0.0001638,1.9361702127659572,0,0,zero_logical_t_count,4,8,2.0,768.0,384.0,True
SX1,7cfdb2957f6c,other,other-gate-based,proxy,False,maj_e6_floquet,1e-04,success,success,7.2e-05,0.0001476,2.0500000000000003,0,0,zero_logical_t_count,4,8,2.0,512.0,272.0,True
SX2,7cfdb2957f6c,other,other-gate-based,paper-family-template,True,maj_e6_floquet,1e-04,success,success,8.460000000000001e-05,0.0001638,1.9361702127659572,0,0,zero_logical_t_count,4,8,2.0,768.0,384.0,True
SX3,7cfdb2957f6c,other,other-gate-based,paper-family-template,True,maj_e6_floquet,1e-04,success,success,7.2e-05,0.0001476,2.0500000000000003,0,0,zero_logical_t_count,4,8,2.0,512.0,272.0,True
SX4,7cfdb2957f6c,other,other-gate-based,proxy,False,maj_e6_floquet,1e-04,success,success,7.2e-05,0.0001476,2.0500000000000003,0,0,zero_logical_t_count,4,8,2.0,512.0,272.0,True
SX5,a2b747cae698,other,qaoa,paper-family-template,True,maj_e6_floquet,1e-04,success,success,8.010000000000001e-05,0.00015570000000000002,1.9438202247191012,0,0,zero_logical_t_count,4,8,2.0,640.0,320.0,True
SX6,a2b747cae698,other,other-gate-based,proxy,False,maj_e6_floquet,1e-04,success,success,8.010000000000001e-05,0.00015570000000000002,1.9438202247191012,0,0,zero_logical_t_count,4,8,2.0,640.0,320.0,True
SX7,a2b747cae698,other,qaoa,proxy,False,maj_e6_floquet,1e-04,success,success,8.010000000000001e-05,0.00015570000000000002,1.9438202247191012,0,0,zero_logical_t_count,4,8,2.0,640.0,320.0,True
SX8,cd9329dc38ef,cryptography-security,other-gate-based,proxy,False,maj_e6_floquet,1e-04,success,success,0.0001116,0.00021960000000000003,1.9677419354838712,0,0,zero_logical_t_count,4,8,2.0,1632.0,864.0,True
