paper_id,filename,language,confidence,evidence
1c4934de7d9a,1c4934de7d9a_the_application_of_quantum_approximation_optimization_algorithm_in_portfolio_opt.md,Chinese,high,CJK=44.8% (2917 chars in 6516)
814040fcfdb1,814040fcfdb1_financial_portfolio_optimization_method_based_on_the_quantum_linear_discriminant.md,Chinese,high,CJK=51.7% (3350 chars in 6474)
8eecae794ba6,8eecae794ba6_pengembangan_algoritma_kuantum_terinspirasi_untuk_penyelesaian_masalah_optimasi_.md,Indonesian,high,ID_fw=715 (23.5/1k) vs EN_fw=129 (4.2/1k)
955dd8044889,955dd8044889_quantum_finance_a_tutorial_on_quantum_computing_applied_to_the_financial_market.md,Portuguese,high,"PT_fw=1242 (14.5/1k), PT_only=789 vs ES_only=5, EN_fw=273 (3.2/1k)"
aa8d930f4f4f,aa8d930f4f4f_study_on_frustrated_quantum_phase_transition_achievable_by_quantum_computing.md,Chinese,high,CJK=48.0% (10325 chars in 21509)
ab43aaeed4af,ab43aaeed4af_impact_of_quantum_computing_on_current_technologies.md,Spanish,high,"ES_fw=263 (15.4/1k), ES_only=119 vs PT_only=22, EN_fw=4 (0.2/1k)"
b8dcb2e989c2,b8dcb2e989c2_pengaruh_quantum_trading_algorithm_terhadap_volatilitas_harga_saham_lq45.md,Indonesian,high,ID_fw=362 (12.3/1k) vs EN_fw=180 (6.1/1k)
cf15566d165b,cf15566d165b_quantum_algorithm_for_angle_based_anomaly_detection.md,Chinese,high,CJK=20.5% (2740 chars in 13380)
fb499d357762,fb499d357762_a_quantum_portfolio_optimization_algorithm_based_on_hard_constraint_and_warm_sta.md,Chinese,high,CJK=63.5% (6277 chars in 9890)
