slr_paper_id,doi,zotero_item_key,title,match_method
0030bd185e0d,10.62311/nesx/rp-4-aug-2025,8INFJQUG,"AI-Augmented Quantitative Finance: A Multi-Methodological Framework Combining Machine Learning, Deep Learning, and Quantum Computing for Predictive Risk Modeling",doi
00c17032f4af,10.1109/aimlsystems67835.2025.11330637,4KUXNNPD,Toward Quantum Enabled Solutions for Real-Time Currency Arbitrage in Financial Markets,doi
00c3aaba39ac,10.48550/arxiv.2510.15903,IZEDEHZ4,Quantum and Classical Machine Learning in Decentralized Finance: Comparative Evidence from Multi-Asset Backtesting of Automated Market Makers,doi
0128a49a10cc,10.1038/s41598-024-68838-1,CKJ4VVPD,Quantum computational finance for martingale asset pricing in incomplete markets,doi
015040544f36,10.1007/978-3-031-13188-2_20,SMVJ6H5P,Verifying Fairness in Quantum Machine Learning,doi
01877ad38ab2,10.48550/arxiv.2208.07963,HCZXBGI7,Mixed Quantum-Classical Method For Fraud Detection with Quantum Feature Selection,doi
01e7ba36bcfc,10.1049/qtc2.12017,89DCMMXV,Analysis of a hybrid quantum network for classification tasks,doi
02db829631f9,10.1109/icnsoc66817.2025.00113,TKU5D3F2,Quantum Optimization for Portfolio Management in Financial Services Using the Variational Quantum Eigensolver (VQE) Algorithm,doi
0419801c5ed8,10.22967/HCIS.2025.15.015,I7ZFWNI7,Hybrid Quantum Fuzzy Neural Network Approach- Based SNS Sentimental Analysis for Stock Market Prediction,doi
043b5343fb3d,10.48550/arXiv.2501.15828,ACH8W3Z2,Hybrid Quantum Neural Networks with Amplitude Encoding: Advancing Recovery Rate Predictions,doi
05a01a257cc7,10.48550/arxiv.2511.21305,9K4AA8U7,Large-scale portfolio optimization using Pauli Correlation Encoding,doi
06fdf18c23c4,10.3390/e26110954,KW5DFG94,A Hybrid Quantum-Classical Model for Stock Price Prediction Using Quantum-Enhanced Long Short-Term Memory,doi
075a4a34de90,10.48550/arxiv.2409.07336,ICZ6M2EW,Efficient state preparation for multivariate Monte Carlo simulation,doi
081132e62980,10.48550/arxiv.2511.04942,D3HCDJ95,Quantum Algorithm for Local-Volatility Option Pricing via the Kolmogorov Equation,doi
082f292f8c48,10.1109/icasspw65056.2025.11011079,39B7DQWJ,Hybrid Encoding-based Quantum Self Attention for Financial Time Series Analysis,doi
090ce79070cb,10.48550/arxiv.2509.01496,IBGG6RVJ,Higher-Order Portfolio Optimization with Quantum Approximate Optimization Algorithm,doi
0929ef4fdc91,10.1109/rasse60029.2023.10363533,4NPIMG53,The Potential of Quantum Techniques for Stock Price Prediction,doi
0a1f9315f6a7,10.30574/wjarr.2024.22.3.1648,JI9ERBAB,"Quantum computing applications, challenges, and prospects in financial portfolio optimization",doi
0a824fa99e38,10.1109/qce65121.2025.00243,6AUTJGC4,Implementing Credit Risk Analysis with Quantum Singular Value Transformation,doi
0a96ec74c59f,10.48550/arxiv.2105.06240,6VJV429A,Parity Quantum Optimization: Benchmarks,doi
0b40a3e55edc,10.5281/zenodo.18353290,DBP57AML,QAMOO: Quantum Approximate Multi-Objective Optimization for Portfolio Management,doi
0b549647c8e5,10.2139/ssrn.6186258,DRAAPBCA,Scaling Analysis of Quantum Amplitude Estimation for Tokenized Asset Option Pricing: Validation and Barriers to Practical Advantage,doi
0cfd33edfd1a,10.48550/arxiv.2404.00015,EKMGK442,Empowering Credit Scoring Systems with Quantum-Enhanced Machine Learning,doi
0d70169cb87f,10.64206/h26qc363,9RMMEVTV,A Comparative Study of Classical and Quantum Machine Learning for Large-Scale Financial Forecasting,doi
0df7a9f2fffd,10.48550/arxiv.2512.21819,SQDCXIQQ,Q-A3C2: Quantum Reinforcement Learning with Time-Series Dynamic Clustering for Adaptive ETF Stock Selection,doi
0eb7690657f2,10.48550/arxiv.2406.00486,DPTE6PE6,Quantum Computing for Option Portfolio Analysis,doi
0fb65bb44954,10.48550/arxiv.2207.10555,V9VN47E4,Benchmarking the performance of portfolio optimization with QAOA,doi
0fb8e2505865,10.1109/softt67007.2025.11213027,Z8EUF777,Designing an AIOps (Artificial Intelligent Operations) Framework for Energy-Efficient IT Operations: A Case Study on Cloud Computing Environment,doi
107e6a53aff5,10.1109/tc.2020.3038063,8MX3A8JU,Credit Risk Analysis Using Quantum Computers,doi
109c9406f3df,10.1109/tqcebt59414.2024.10545170,M4S58D7X,"Quantum Graph Neural Networks for Portfolio Optimization in Complex Financial Markets, A Novel Approach",doi
10be86fe1795,10.1109/urtc60662.2023.10535032,88ZZCCJE,A Comparative Analysis of Hybrid Quantum Neural Networks in Binary Credit Defaulting Tasks,doi
10e947e4e6c8,10.48550/arxiv.2303.13109,PTPMQ32R,Optimizing Quantum Algorithms on Bipotent Architectures,doi
115e509ec529,10.5281/zenodo.17924888,V3RVBKX6,Hybrid Quantum Market State Inference for Ultra-Short-Horizon Financial Prediction,doi
11aa443287c0,10.48550/arxiv.1811.03975,W69PSX8V,Quantum computational finance: quantum algorithm for portfolio optimization,doi
11ff02556b47,10.21203/rs.3.rs-3308876/v1,KEXEQK36,Quantum support vector machines for classification and regression on a trapped-ion quantum computer,doi
1292782ed153,10.1109/esci63694.2025.10988262,5TUAC36W,CryptoQNet: Leveraging Quantum Computing for Enhanced Cryptocurrency Market Analysis,doi
12a26364b038,10.1109/QAI63978.2025.00076,XWV6KG6J,Evaluating Quantum Amplitude Estimation for Pricing Multi-Asset Basket Options,doi
136790c5fbc5,10.48550/arxiv.2508.06236,8MTXHMW5,Space and Time Cost of Continuous Rotations in Surface Codes,doi
146a99b9b311,10.48550/arxiv.2205.15822,TRJ5P42Z,Intermediate Qutrit-based Improved Quantum Arithmetic Operations with Application on Financial Derivative Pricing,doi
148be08400da,10.1002/qute.202300065,EJ78ASSD,Quantum Quantile Mechanics: Solving Stochastic Differential Equations for Generating Time-Series,doi
14b3e6b32874,10.48550/arxiv.2505.04304,ACM7EMX3,Quantum Circuits for the Black-Scholes equations via Schrödingerisation,doi
14ceb7e36df7,10.48550/arxiv.2402.17148,F24FN5JZ,Time series generation for option pricing on quantum computers using tensor network,doi
163d8d584a33,10.1109/icimia67127.2025.11200988,56FIKAD9,Hybrid QLSTM Framework for Time Series Forecasting in Dynamic Financial Markets,doi
1696f0ac9e8f,10.1109/WSC68292.2025.11339097,GP35DVPZ,Connecting Quantum Computing with Classical Stochastic Simulation,doi
169a37e1a08c,10.48550/arxiv.2410.16265,CM5ASWBU,Quantifying the advantages of applying quantum approximate algorithms to portfolio optimisation,doi
16d418f1da92,10.3390/e25040593,UNIRF3VF,A More General Quantum Credit Risk Analysis Framework,doi
173cd12aee6b,10.3390/risks10120221,57MXVESF,A Quantum Algorithm for Pricing Asian Options on Valuation Trees,doi
1760158c7e1b,10.3929/ethz-b-000428448,D8DENDKC,Option Pricing using Quantum Computers,doi
176f4217cb91,10.1016/j.compeleceng.2024.109302,BJWMSAQ8,Explainable hybrid quantum neural networks for analyzing the influence of tweets on stock price prediction,doi
1858371f4c44,10.13140/rg.2.2.10881.31842,BPT7J9EJ,Autonomous Quantum Agents for Portfolio Optimization: Orchestrating QAOA Workflows on Cloud Quantum Simulators,doi
18e20fb363bd,10.6025/jisr/2019/10/3/97-104,R7XPGFCJ,Forecasting Financial Risk using Quantum Neural Networks,doi
19cfac96e8fe,10.48550/arxiv.2507.12835,T9XCKBTB,Quantum-Enhanced Reinforcement Learning with LSTM Forecasting Signals for Optimizing Fintech Trading Decisions,doi
1a0d37057236,10.1007/978-3-032-13855-2_8,KZB3878H,IQNN-CS: Interpretable Quantum Neural Network for Credit Scoring,doi
1b554a506320,10.1109/punecon67554.2025.11379349,R8RZFVGM,"A Study on Quantum and Classical Simulations for Molecular Systems, Materials Science and Financial Modeling",doi
1b74322cf6a1,10.1109/qce65121.2025.10320,R4D2ZGCR,On Quantum Bsde Solver for High-Dimensional Parabolic Pdes,doi
1b7d8c497d7d,10.48550/arxiv.2201.09845,5FQI43XA,A Generalized Quantum Inner Product and Applications to Financial Engineering,doi
1bad58b8e8e7,10.48550/arxiv.2602.09047,5CQM733P,Empirical Evaluation of QAOA with Zero Noise Extrapolation on NISQ Hardware for Carbon Credit Portfolio Optimization in the Brazilian Cerrado,doi
1bf5fc02b95b,10.1109/netcrypt65877.2025.11102801,7G8VCFK3,QEA-FAD: Quantum Enhanced Autoencoders for Anomaly Detection in Finance and Healthcare,doi
1bf880322e6f,10.48550/arxiv.2602.03725,6JA69JPI,Quantum Speedups for Derivative Pricing Beyond Black-Scholes,doi
1c4934de7d9a,10.12178/1001-0548.2022019,HEGAKF8F,The Application of Quantum Approximation Optimization Algorithm in Portfolio Optimization,doi
1d44742c9e15,10.48550/arxiv.2207.01277,QMAJUEEQ,Pricing multi-asset derivatives by variational quantum algorithms,doi
1de0ca5e8cf2,10.1145/3718751.3718859,5XB5FAGJ,Quantum Machine Learning Based on K-Means to Optimize Cross-Border Intelligent Payment Supervision,doi
1f628b8e78f9,10.48550/arxiv.2601.03802,2UB245HJ,Quantum vs. Classical Machine Learning: A Benchmark Study for Financial Prediction,doi
1f8bcb9fc16e,10.48550/arxiv.2601.06392,XH6JJ3E8,Continual Quantum Architecture Search with Tensor-Train Encoding: Theory and Applications to Signal Processing,doi
20bf1514a7e4,10.48550/arXiv.2411.10254,RVXAT3DJ,Uncertainty in Supply Chain Digital Twins: A Quantum-Classical Hybrid Approach,doi
21611a37dd85,10.1140/epjb/s10051-024-00786-1,KC62EB4I,Synthetic data generation with hybrid quantum-classical models for the financial sector,doi
21e9746e62c2,10.22331/q-2021-07-28-513,IHBHCMPR,Quantum walk-based portfolio optimisation,doi
223ed1df56d0,10.1109/QCE60285.2024.00061,Y9REJZ2P,Electric Power Demand Portfolio Optimization by Fermionic QAOA with Self-Consistent Local Field Modulation,doi
24946c5b6c21,10.22331/q-2022-07-20-770,94I5QJ94,Towards Quantum Advantage in Financial Market Risk using Quantum Gradient Algorithms,doi
251a3166cf94,10.5281/zenodo.18418054,59R6PC7X,hgribeirogeo/qaoa-carbon-cerrado: v1.0 - Initial Release for Quantum Journal Submission,doi
25a848404367,10.48550/arxiv.2502.15742,AGRSG7JI,"Currency Arbitrage Optimization using Quantum Annealing, QAOA and Constraint Mapping",doi
25b9eceec1f2,10.48550/arxiv.2602.21562,CPDG2SKM,Performance Comparison of QAOA Mixers for Ternary Portfolio Optimization,doi
26668f5bb362,10.2174/0123520965377470250225062938,4Q7MTHH5,Quantum-Enhanced AI and Machine Learning: Transforming Predictive Analytics,doi
26d9ab80fc82,10.3390/math13152505,2MH8K5ZK,Research on Financial Stock Market Prediction Based on the Hidden Quantum Markov Model,doi
270d264b98f3,10.1109/tetci.2025.3593781,PA3AP9VZ,Quantum Option Profit and Loss Encoding for Risk Assessment,doi
275c6ba05906,10.21203/rs.3.rs-3642109/v1,PQXHUDJQ,A Novel Approach for Quantum Financial Simulation and Quantum State Preparation,doi
2849bbcb864e,10.48550/arxiv.2511.19150,DI3SR2JT,Feature Ranking in Credit-Risk with Qudit-Based Networks,doi
288305d31b7d,10.1088/1742-6596/2416/1/012002,7PE3FREE,Towards practical Quantum Credit Risk Analysis,doi
2896abff2596,10.1109/qce65121.2025.10374,BNIFFR99,Hybrid Quantum-Classical Transfer Learning Model for Credit Risk Assessment with Reduced Quantum Overhead and Enhanced Minority Class Prediction,doi
28ab67c2d22a,10.1109/QCE57702.2023.00041,SN95ADNI,Experimental Demonstration of Fermionic QAOA with One-Dimensional Cyclic Driver Hamiltonian,doi
291abba8a19e,10.1109/tsc.2025.3635525,S9FCD4KC,QuanFraud: Quantum State Verification Scheme for Fraud Detection in IoT-Assisted Quantum-Blockchain Networks,doi
29cfef5a271e,10.48550/arxiv.2307.14310,4SX96BVJ,Derivative Pricing using Quantum Signal Processing,doi
29f4e9099932,10.48550/arxiv.2309.13961,9D92RXL7,A hybrid quantum-classical approach to warm-starting optimization,doi
2a0770a1a995,10.48550/arxiv.2306.12965,KWDKHKTD,Improved Financial Forecasting via Quantum Machine Learning,doi
2a5efc7b8178,10.1109/ICEdge67252.2025.11412890,3PQPWZ9K,Design of a Blockchain-Driven Quantum Identity Model Using QHA-AC FQET and RL-QIDA Methods in Cloud Microservices,doi
2a646809136c,10.1109/urtc65039.2024.10937533,BRMBCAHR,Hybrid Quantum-Classical Method for Bank Account Fraud Detection using Quantum Encoding and Quantum Machine Learning,doi
2a9cd8a96604,10.1088/2632-2153/ad6be8,3T22TEHJ,Quantum support vector data description for anomaly detection,doi
2abf80ef91e3,10.36227/techrxiv.175295886.67877890/v1,ACR4ZCCZ,Optimizing Hybrid Quantum-Classical Models Using Parameterized Quantum Circuits for Time-Series Forecasting,doi
2b18608f6860,10.48550/arXiv.2506.15936,7VVRYZA6,Mixed-Signal Quantum Circuit Design for Option Pricing Using Design Compiler,doi
2b48b0e90efa,10.1088/2058-9565/ace474,6DDBH6QF,Multiobjective variational quantum optimization for constrained problems: an application to Cash Management,doi
2b4dc3c2ba75,10.22541/au.176764501.12582212/v1,28DQ2LG7,Quantum Algorithms for Stochastic Differential Equations: Achieving Polynomial and Super-Polynomial Speedups for High-Dimensional Systems,doi
2c22225a38e7,10.48550/arxiv.2601.13956,9K67VPJ6,Tensor Network Assisted Distributed Variational Quantum Algorithm for Large Scale Combinatorial Optimization Problem,doi
2cfd7c834099,10.48550/arxiv.2506.20930,FVDSW7QX,Quantum Reinforcement Learning Trading Agent for Sector Rotation in the Taiwan Stock Market,doi
2dc8d62cecac,10.22331/q-2024-01-18-1231,RTBPKUWJ,Parameter Setting in Quantum Approximate Optimization of Weighted Problems,doi
2e9f88ec6794,10.48550/arxiv.2511.14389,9GJZF4JN,Quantum speed-ups for solving semidefinite relaxations of polynomial optimization,doi
2fe0d0f15604,10.48550/arxiv.2303.02797,MAWTQ2M9,Variational Quantum Eigensolver for Classification in Credit Sales Risk,doi
30c35313cb34,10.33545/27068919.2025.v7.i3b.1570,7JXC5VDN,"Quantum computing in financial portfolio optimization: Case-based insights into efficiency, risk management, and market impact",doi
313a1d740d27,10.30574/wjaets.2025.15.2.0694,H3IMVFH4,Quantum Kernel methods for anomaly detection in high-velocity data streams,doi
313b9bc5d24e,10.13121/polito/porto/3004947,3DUV3Q7F,Quantum Computing: analysis and design of quantum algorithms for financial applications,doi
320a8a288a8a,10.1145/3736426.3736484,7BWWA5VZ,Stock Market Forecasting Based on Quantum Fuzzy Support Vector Machine,doi
32f23740c07f,10.5281/zenodo.18507119,5CMB5299,hgribeirogeo/qaoa-carbon-cerrado: v2.0 - Seven-Run Validation Study,doi
342ce43a11d1,10.1016/j.jedc.2023.104680,7RR2BPDZ,Quantum Monte Carlo for Economics: Stress Testing and Macroeconomic Deep Learning,doi
344dc568ca5d,10.48047//ijiee.2024.14.4.4,T5CPB8GF,Leveraging Quantum Machine Learning to Optimize High-Frequency Trading Strategies in U.S. Treasuries and Forex Markets,doi
3490f229360e,10.48550/arxiv.2206.11937,5PWDGKQQ,Copula-based Risk Aggregation with Trapped Ion Quantum Computers,doi
349c85ac46df,10.48550/arxiv.2101.04023,UU3H3PIQ,Efficient Hamiltonian Simulation for Solving Option Price Dynamics,doi
34f8784d073c,10.34706/de-2020-02-05,AWZD4CXE,Квантовая модель блуждания финансовых опционов,doi
34fc27290f18,10.48550/arxiv.2412.19150,DBAVVDSP,Scaling the Variational Quantum Eigensolver for Dynamic Portfolio Optimization,doi
3506790b2a7a,10.3390/e27090906,9SV9FXWG,HQRNN-FD: A Hybrid Quantum Recurrent Neural Network for Fraud Detection,doi
35505140af55,10.1109/icctdc64446.2025.11158810,7VV6WN68,Quantum Computing for Fraud Detection in Real-Time Payment Systems,doi
35c7b4d830d5,10.1002/rfe.1219,5829CAHZ,Market informed portfolio optimization methods with hybrid quantum computing,doi
36432eaf1f31,10.48550/arxiv.2505.13019,98HMMXJG,Characterizing asymmetric and bimodal long-term financial return distributions through quantum walks,doi
36cd7ccae10c,10.32628/ijsrset221656,Q675WRCR,AI-Powered Risk Modeling in Quantum Finance : Redefining Enterprise Decision Systems,doi
3716460f49f0,10.1007/s11128-022-03453-5,3CXBJWW9,Quantum algorithms for numerical differentiation of expected values with respect to parameters,doi
3745da394b88,10.1109/qce57702.2023.10245,K2ZQUDJP,Efficient and Flexible Annealer-Gate Hybrid Model for Solving Large-Scale Portfolio Optimization,doi
374d8058ad85,10.48550/arxiv.2510.04736,E8N97H43,Quantum Subgradient Estimation for Conditional Value-at-Risk Optimization,doi
378c2a73ea46,10.21203/rs.3.rs-6569585/v1,H35ZNCED,"Impacting Financial Predictions &amp;amp; Security through Quantum Support Vector Machines, Quantum Approximate Optimization, and Quantum-Resistant Lattice Cryptography",doi
381642996201,10.54938/ijemdcsai.2024.03.1.319,8M69E2ZG,Quantum Variational Autoencoders for Predictive Analytics in High Frequency Trading Enhancing Market Anomaly Detection,doi
38f680153dba,10.1109/tqe.2021.3128643,HKRTMB5F,Pricing Multi-Asset Derivatives by Finite-Difference Method on a Quantum Computer,doi
391f50f8c3f0,10.48550/arxiv.1908.10778,UZ9F7PP4,Classical versus Quantum Models in Machine Learning: Insights from a\n Finance Application,doi
39290e564de1,10.64206/9pden248,FR7IM9C7,Quantum Risk Modeling Redefining Actuarial Science with Quantum Algorithms,doi
394c63b275d9,10.1140/epjs/s11734-025-01703-y,GGD4CKKE,Enhancing variational quantum classifier performance with meta-heuristic feature selection for credit card fraud detection,doi
394db2cbf8da,10.2139/ssrn.5793303,J3NFAYV9,Quantum Approximate Optimization Algorithm for Portfolio Selection: A Comparative Study with Classical Markowitz Optimization,doi
39e897283cac,10.48550/arxiv.2305.01480,528MV26U,Exploring the synergistic potential of quantum annealing and gate model computing for portfolio optimization,doi
3a533a166c84,10.48550/arxiv.2509.17876,CE68NIHP,Quantum Portfolio Optimization: An Extensive Benchmark,doi
3adb18321a79,10.1088/1367-2630/ac7f26,V7UCVPVZ,Quantum Quantitative Trading: High-Frequency Statistical Arbitrage Algorithm,doi
3b7d3889d285,10.48550/arxiv.2007.01467,RR2EMBK9,Quantum Pricing with a Smile: Implementation of Local Volatility Model on Quantum Computer,doi
3bf7bbec10c5,10.62802/v4s4xf98,AN4UC9T5,AI–Quantum Hybrid Models for Organizational Risk Forecasting and Crisis Management,doi
3c79c53d5d90,10.48550/arxiv.2112.08347,KYWCNGGG,Portfolio Optimization with Digitized-Counterdiabatic Quantum Algorithms,doi
3da55df6ffd8,10.1109/asiancon66527.2025.11280952,CXHZFVR3,Quantum-Based Stock Price Forecasting with Stop Loss and False Breakout Analysis,doi
3da861e7eb53,10.48550/arxiv.2509.16955,W8ZMFEB6,Quantum Adaptive Self-Attention for Financial Rebalancing: An Empirical Study on Automated Market Makers in Decentralized Finance,doi
3ee4e2ce5b7d,10.1103/PhysRevA.102.022424,XHGNJVQI,Reduction of Qubits in Quantum Algorithm for Monte Carlo Simulation by Pseudo-random Number Generator,doi
3f4c5ad6749d,10.1103/PhysRevA.103.032414,DKJ8JBF6,Quantum unary approach to option pricing,doi
3f8ab7317ca4,10.1103/l5r4-zcqv,QPX7XQ99,Extrapolation method to optimize linear-ramp quantum approximate optimization algorithm parameters: Evaluation of runtime scaling,doi
3fe31dea1f88,10.48550/arxiv.2211.04456,F9Q6KZJ2,Quantum Risk Analysis: Beyond (Conditional) Value-at-Risk,doi
40ca827d69b9,10.17771/pucrio.acad.73105,73CXIRA8,FRAUD DETECTION USING RESTRICTED BOLTZMANN MACHINES ASSISTED BY QUANTUM COMPUTING,doi
40e4c7fdd4ac,10.1103/PhysRevResearch.4.013006,RIHIUIPQ,Dynamic Portfolio Optimization with Real Datasets Using Quantum Processors and Quantum-Inspired Tensor Networks,doi
413125f4264b,10.1109/qce60285.2024.00067,DS7S4K4N,Derivative Pricing and Credit Risk in a Regime Switching Economy Using Quantum Amplitude Estimation,doi
41d2d7bb257a,10.1109/QAI63978.2025.00021,SZUB3TJA,Enhancing Credit Risk Prediction Through Co-Trained Hybrid Quantum Transfer Learning Model,doi
42c7641a302c,10.1038/s41598-026-36333-4,VHBTBMWE,Multiclass portfolio optimization via variational quantum Eigensolver with Dicke state ansatz,doi
442120a782de,10.1109/tqe.2024.3425969,EMNFG9B2,Energy Risk Analysis With Dynamic Amplitude Estimation and Piecewise Approximate Quantum Compiling,doi
44997e238c7a,10.48550/arxiv.2311.00825,3AVDIS7W,Quantum Computational Algorithms for Derivative Pricing and Credit Risk in a Regime Switching Economy,doi
455f0fa41521,10.5573/ieiespc.2024.13.5.472,2JXGRWJR,Research on the Design of Financial Data Analysis Platform with Joint PSO-HQCNN and RPA Robot Visualization Technology,doi
46db6505e091,10.48550/arxiv.2412.03158,G2UTVJ72,LEP-QNN: Loan Eligibility Prediction using Quantum Neural Networks,doi
46e6281cc0ea,10.1088/1402-4896/ad0184,8FJWJ4AA,A quantum feature selection framework via ground state preparation,doi
470b798927ef,10.48550/arxiv.2504.08577,HZIU6BFK,Extrapolation method to optimize linear-ramp QAOA parameters: Evaluation of QAOA runtime scaling,doi
4715aa3cb8e4,10.21203/rs.3.rs-7991330/v1,56MXDZZX,A Quantum Neural Network for Fraud Detection Using a Data-Driven Priority Entanglement Scheme,doi
48fad011ea47,10.48550/arxiv.2408.03088,9N4WQ2QS,QADQN: Quantum Attention Deep Q-Network for Financial Market Prediction,doi
49463c91e93f,10.1142/s0219477523400060,F4IJ9EGW,A Hybrid Model of Primary Ensemble Empirical Mode Decomposition and Quantum Neural Network in Financial Time Series Prediction,doi
49dc03e35036,10.22331/q-2021-06-01-463,SS722PAG,A Threshold for Quantum Advantage in Derivative Pricing,doi
4a6b7f9ddc5a,10.48550/arxiv.2208.14749,5JXDKAEM,A Quantum Online Portfolio Optimization Algorithm,doi
4b22c753a5a4,10.48550/arxiv.2304.12501,3SDAA4KQ,The cross-sectional stock return predictions via quantum neural network and tensor network,doi
4bfe441a5ebe,10.48550/arxiv.2312.15871,VGCGRQW6,Option pricing under stochastic volatility on a quantum computer,doi
4c50b01d13fe,10.48550/arXiv.2504.13532,CURFET7Q,Quantum Walks-Based Adaptive Distribution Generation with Efficient CUDA-Q Acceleration,doi
4d0406b8b736,10.30574/wjaets.2024.12.1.0057,ZQDI6FA6,Advanced frameworks for fraud detection leveraging quantum machine learning and data science in fintech ecosystems,doi
4dbaf2b286bf,10.1016/j.knosys.2026.115659,FI9VUNUG,A Noisy Optimization mechanism for variational quantum classifiers,doi
4eb84ca51d29,10.1007/978-3-032-13852-1_35,WFASP5HN,Quantum Amplitude Estimation in Practice: A Case Study in Option Pricing,doi
4f6bef33b4be,10.1103/physrevresearch.5.043117,AVK2ZJGI,Financial risk management on a neutral atom quantum processor,doi
5081ec6b6068,10.48550/arXiv.2510.15903,IZEDEHZ4,Quantum and Classical Machine Learning in Decentralized Finance: Comparative Evidence from Multi-Asset Backtesting of Automated Market Makers,doi
5087f7c0e2a3,10.1109/scc53864.2021.00066,ERJELI4D,Quantum Computing for Supply Chain Finance,doi
50989fdc9ad1,10.1038/s41534-026-01191-5,8AAHZRGA,Statistics-informed parameterized quantum circuit: towards practical quantum state preparation and learning via maximum entropy principle,doi
51c76454c0ce,10.48550/arxiv.2502.07806,2GEUQMMB,Quantum Powered Credit Risk Assessment: A Novel Approach using hybrid Quantum-Classical Deep Neural Network for Row-Type Dependent Predictive Analysis,doi
52b948ec890d,10.48550/arxiv.2110.15870,SWQ7NHFS,Hybrid Quantum-Classical Algorithms for Loan Collection Optimization with Loan Loss Provisions,doi
52d4de91b1d0,10.5281/zenodo.8385613,R3BEC585,Quantum neural network benchmarking: Time series predictions with finance forecasting as a use case,doi
539aec92356c,10.48550/arxiv.2209.08867,FX5XURQJ,Quantum computational finance: martingale asset pricing for incomplete markets,doi
55400536a64e,10.48047/jocaaa.31.4.1430,DMCEKRKI,Optimized Quantum Neural Networks for Anomaly Detection in Securities Transactions,doi
55496bcdeaa7,10.22331/q-2023-01-26-909,NX8CTKP6,Variational quantum algorithm for unconstrained black box binary optimization: Application to feature selection,doi
560d9d98e1cf,10.48550/arxiv.2505.13933,PHXV57R9,Quantum Reservoir Computing for Realized Volatility Forecasting,doi
567af989cf1f,10.1007/s42484-024-00165-0,HIRVDC4S,Quantum support vector machines for classification and regression on a trapped-ion quantum computer,doi
5767f4e56980,10.48550/arxiv.2602.16976,MHJAQMW4,"HQFS: Hybrid Quantum Classical Financial Security with VQC Forecasting, QUBO Annealing, and Audit-Ready Post-Quantum Signing",doi
5781ce30742b,10.1038/s41534-023-00787-5,J8K3M87U,Alignment between initial state and mixer improves QAOA performance for constrained optimization,doi
57ed01f77bc6,10.1109/tqcebt54229.2022.10041475,KEEZG5DB,Comparative Study between Quantum and Classical Methods: Few Observations from Portfolio Optimization Problem,doi
58470ab028ef,10.1109/access.2024.3496901,4TXW8P9F,Quantum Autoencoder for Enhanced Fraud Detection in Imbalanced Credit Card Dataset,doi
58a29f9f57a7,10.1109/icicnis66685.2025.11315779,B5D9R6ME,Hybrid Quantum-Classical Models and Optimization Techniques for Financial Fraud Detection,doi
58e7ea9324df,10.5281/zenodo.7149256,AJ26EXPI,D5.4 Evaluation of quantum algorithms for pricing and computation of VaR,doi
58f18c1145e8,10.1088/2632-2153/ab9009,XEDASJNQ,Classical versus quantum models in machine learning: insights from a finance application,doi
58f4450b9cce,10.1109/icdim.2018.8847063,2PW72SCG,Forecasting Financial Risk using Quantum Neural Networks,doi
596d3496c56c,10.48550/arxiv.2307.08191,VHTT8GK7,Unleashing the Potential of LLMs for Quantum Computing: A Study in Quantum Architecture Design,doi
5b5fd3a147af,10.48550/arxiv.2202.06782,WTSURMNI,Wasserstein Solution Quality and the Quantum Approximate Optimization Algorithm: A Portfolio Optimization Case Study,doi
5b6f77b75bb0,10.48175/ijarsct-31116,GSFTB3PI,Hybrid Quantum–Classical Learning Approaches for Scalable Optimization Beyond NISQ Limitations,doi
5bc05961fdc0,10.48550/arxiv.2308.03575,QSBHQFUB,Quantum Machine Learning for Credit Scoring,doi
5bd5a79bc18a,10.48550/arxiv.2309.12627,YS8BPW57,A Quantum Computing-based System for Portfolio Optimization using Future Asset Values and Automatic Reduction of the Investment Universe,doi
5beb1712456c,10.1145/3651640.3651650,8IFPSBGD,Using Quantum Monte Carlo Simulation to Price Complicated Derivatives In the Big Data Environment,doi
5c6681f9692d,10.48550/arxiv.2203.14432,UWVQ4UA6,"Encoding trade-offs and design toolkits in quantum algorithms for discrete optimization: coloring, routing, scheduling, and other problems",doi
5c8930702b41,10.36227/techrxiv.22679857,86G9TTJD,Backtesting quantum computing algorithms for portfolio optimization,doi
5df5e7a67f88,10.48550/arxiv.2402.00653,D8BTMAZ5,Coherent Feed Forward Quantum Neural Network,doi
5eeda9c337d5,10.48550/arxiv.2512.03696,834J3V9A,Quantum Topological Graph Neural Networks for Detecting Complex Fraud Patterns,doi
5f1b1731f44b,10.1177/29767032231217444,7W5UH93K,Quantum Financial Modeling on Noisy Intermediate-Scale Quantum Hardware: Random Walks using Approximate Quantum Counting,doi
5f3cabc4cfc6,10.48550/arxiv.2311.05537,4GAU3985,An introduction to financial option pricing on a qudit-based quantum computer,doi
5f49a38c731d,10.1002/isaf.70033,WUUZN4KF,Ordered Weighted Average Operators Into Deep Learning and Quantum Computing for Algorithmic Trading,doi
5f5133229f76,10.3390/computers14080310,FPJ6I6RI,Spectral Graph Compression in Deploying Recommender Algorithms on Quantum Simulators,doi
60a05fb7a728,10.21203/rs.3.rs-4590355/v1,PJ9E7AKK,A New Initial Distribution for Quantum Generative Adversarial Networks to Load Probability Distributions,doi
61102309a95a,10.1109/incos59338.2024.10527612,FHH5JFJC,Enhancing Quantum Machine Learning Algorithms for Optimized Financial Portfolio Management,doi
618a035e5260,10.1057/s41599-025-05348-z,CN29QB2K,BLS-QLSTM: a novel hybrid quantum neural network for stock index forecasting,doi
623597ee0f9c,10.48550/arxiv.2406.01889,W3WKCHMZ,Dividing quantum circuits for time evolution of stochastic processes by orthogonal series density estimation,doi
6257d900d3ef,10.47392/irjaem.2025.0508,EHCHIPZU,Hybrid Quantum Classical Model for Enhanced Cross Border Financial Fraud Detection,doi
631717352091,10.21203/rs.3.rs-7333122/v1,5T4QTIPM,Monte-Carlo Option Pricing in Quantum Parallel,doi
6377e377053e,10.48550/arxiv.2509.17715,QCGBGPPQ,Enhanced fill probability estimates in institutional algorithmic bond trading using statistical learning algorithms with quantum computers,doi
63af985e2b4e,10.1201/9781003685876-7,TWJH9S87,"Quantum-enhanced stock market prediction: Integrating AI, sentiment analysis, and multimodal data fusion",doi
645e6ec4f04e,10.1038/s41534-025-01070-5,FE7EWPI4,High-dimensional counterdiabatic quantum computing,doi
6485d2d0feb7,10.48550/arxiv.2312.00892,WMPV4U8M,Black-Litterman Portfolio Optimization with Noisy Intermediate-Scale Quantum Computers,doi
64a4167a442c,10.62127/aijmr.2024.v02i05.1107,RXGMEZ3Z,Quantum Machine Learning for Advanced Data Processing in Business Analytics: A Path Toward Next-Generation Solutions,doi
64b4914da5c2,10.32604/cmc.2023.033284,3GJEGB8Z,Quantum Fuzzy Regression Model for Uncertain Environment,doi
64beee021f17,10.1109/icsa-c52384.2021.00027,S4DJURBC,Hybrid Quantum Network for classification of finance and MNIST data,doi
6534fbda7b00,10.5281/zenodo.18666884,JEJI6D8M,Quantum-Enhanced Deep Reinforcement Learning for Central Bank Digital Currency (CBDC) Liquidity Management,doi
6546d24a207e,10.1016/j.jmse.2023.02.001,CXK9CPN9,Application of quantum computing in discrete portfolio optimization,doi
6684e6c1b57f,10.4230/LIPIcs.TQC.2022.2,DQWDV527,Quantum algorithm for stochastic optimal stopping problems with applications in finance,doi
66f18ee7b813,10.1088/1367-2630/ad5e16,9D4PQ3RE,An efficient quantum algorithm for independent component analysis,doi
66f43397ba83,10.1142/s0219749925500364,VXR6H88F,Intermediate Qutrit-based improved quantum arithmetic operations with application on financial derivative pricing,doi
670ab0b08451,10.48550/arxiv.2402.10132,9JJVD2EX,Quantum option pricing via the Karhunen-Loève expansion,doi
67ed9d74dd96,10.1103/physreva.109.052423,PTXUJW67,Approximate complex amplitude encoding algorithm and its application to data classification problems,doi
683bece8f94d,10.48550/arxiv.2203.15716,NA2FZ55U,Application of Quantum Computers in Foreign Exchange Reserves Management,doi
685e76bf45ae,10.48550/arxiv.2510.12336,ZV2CWVRT,"Implementing the Quantum Approximate Optimization Algorithms for QUBO problems Across Quantum Hardware Platforms: Performance Analysis, Challenges, and Strategies",doi
68b9ec9dea63,10.48550/arxiv.2602.11578,HGSFSKG7,Quantum-Enhanced Temporal Embeddings via a Hybrid Seq2Seq Architecture,doi
69a4901976a9,10.48550/arxiv.2109.06315,WJ9PFXZE,Generative Quantum Learning of Joint Probability Distribution Functions,doi
69b8b36d8aad,10.20944/preprints202510.0505.v1,V9QHRFM5,"A Quantum Risk Management Framework (QRMF): Quantum Amplitude Estimation for VaR/CVaR, Entanglement-Based Systemic Risk Analytics, and Variational Risk Optimization",doi
69bfce9095d0,10.48550/arxiv.2511.15739,ZT4T94A6,Genetically Engineered Quantum Circuits for Financial Market Indicators,doi
6ac0d0a3c55a,10.1103/PRXQuantum.4.040325,K9VIKN9H,End-to-end resource analysis for quantum interior point methods and portfolio optimization,doi
6bb18cfb9e04,10.1038/s41534-019-0130-6,TRPGJU2Q,Quantum risk analysis,doi
6cc92982a581,10.21203/rs.3.rs-6303530/v1,ZAMX8WDE,Unsupervised Quantum Anomaly Detection on Noisy Quantum Processors,doi
6d38c9fcd7b6,10.48550/arxiv.2602.23976,GB9X4875,Large-scale portfolio optimization on a trapped-ion quantum computer,doi
6e5c81beaefd,10.48550/arXiv.2412.10860,H77Z4M9K,Classification of Financial Data Using Quantum Support Vector Machine,doi
6e6696a9c05a,10.48550/arxiv.2312.01602,VH37KCBT,Quantum Time Series Similarity Measures and Quantum Temporal Kernels,doi
6efef91ff33f,10.21203/rs.3.rs-2180857/v1,GARMRJSR,Quantum computing reduces systemic risk in financial networks,doi
7012f13a70a3,10.48550/arxiv.2411.16970,WVKWAVUA,Unsupervised Quantum Anomaly Detection on Noisy Quantum Processors,doi
70217d6e8f7f,10.48550/arxiv.2304.02262,6JBGA529,Hybrid Quantum-Classical Algorithm For Robust Optimization via Stochastic-Gradient Online Learning,doi
7055fc9f6caf,10.48550/arxiv.2304.08710,Z7BZPH2A,Quantum Algorithm for Unsupervised Anomaly Detection,doi
72a191fd2f47,10.1088/2632-2153/ae39a2,65A9PE7W,Quantum generative modeling for financial time series with temporal correlations,doi
73354a077283,10.48550/arxiv.2412.10860,H77Z4M9K,Classification of Financial Data Using Quantum Support Vector Machine,doi
740dd8fa35a7,10.48550/arxiv.2303.06089,S99FG2S5,Real Option Pricing using Quantum Computers,doi
7451f70b35eb,10.21203/rs.3.rs-3397276/v1,VTNEE5CR,A Quantum Online Portfolio Optimization Algorithm,doi
74c6ac2ca350,10.48550/arxiv.2504.06253,FHHY9ZPA,Solving General QUBOs with Warm-Start QAOA via a Reduction to Max-Cut,doi
7540346e79ad,10.5281/zenodo.18015135,H7REP2EB,algorithmic_trading_vqe.py — Disruptive VQE-Inspired Trading Strategy Optimizer,doi
75cd91455541,10.1088/2058-9565/abd3db,63UGE3UG,Quantum versus Classical Generative Modelling in Finance,doi
75d6acf76068,10.21203/rs.3.rs-8423464/v1,UIHGDZ8P,ML-Driven Quantum Portfolio Optimization: Hybrid CNN-LSTM Architecture with Adaptive Zero-Noise Extrapolation on NISQ Devices,doi
75eee58caf3a,10.1038/s41598-025-34413-5,4DZ2HVQ3,Contextual Quantum Neural Networks for Stock Price Prediction,doi
76a87207ec32,10.1109/qai63978.2025.00014,377FEST9,Quantum Principal Component Analysis for Financial Fraud Detection,doi
76ee3cb38743,10.48550/arxiv.2011.02165,GPNF9J6U,Quantum Speedup of Monte Carlo Integration with respect to the Number of Dimensions and its Application to Finance,doi
76ee9fd77e4e,10.1016/j.asoc.2025.113419,TE7PTNXC,Quantum alternating operator ansatz with PSO optimizer for portfolio optimization problem,doi
772c12c0af17,10.48550/arxiv.2210.06172,MJF7BW3K,Potential Applications of Quantum Computing for the Insurance Industry,doi
77f0bbb6e5f3,10.48550/arXiv.2506.02068,UWE4U62V,Enhancing Interpretability of Quantum-Assisted Blockchain Clustering via AI Agent-Based Qualitative Analysis,doi
78b97b2dbd8e,10.1109/tpami.2024.3519605,Q7XUGI9Q,Quantum Gated Recurrent Neural Networks,doi
78cc9d5068f3,10.1145/3318041.3355465,HS3JAD4W,Quantum Algorithms for Portfolio Optimization,doi
798667d343b2,10.48550/arxiv.2207.11173,7GK8IWSM,Verifying Fairness in Quantum Machine Learning,doi
7b4b01100661,10.22331/q-2023-09-14-1111,Z5FCPG8P,"Encoding trade-offs and design toolkits in quantum algorithms for discrete optimization: coloring, routing, scheduling, and other problems",doi
7c11ab76f3d9,10.48550/arxiv.2508.21123,T5SFDTD5,Benchmarking Quantum Solvers in Noisy Digital Simulations for Financial Portfolio Optimization,doi
7c2e539656f7,10.1002/isaf.1532,CZKWR3ER,Neural networks for estimating Macro Asset Pricing model in football clubs,doi
7c5f50a7c9b3,10.52783/cana.v30.279,BRIIHT3T,Quantum Computing Algorithms for Nonlinear Optimization Problems,doi
7c6e8af63f61,10.48550/arxiv.2602.14827,Q5PMQIIW,Constrained Portfolio Optimization via Quantum Approximate Optimization Algorithm (QAOA) with XY-Mixers and Trotterized Initialization: A Hybrid Approach for Direct Indexing,doi
7c795b799d02,10.48550/arxiv.2510.01129,7WWM722V,Credit Default Prediction with Projected Quantum Feature Models and Ensembles,doi
7e0bccd34042,10.48550/arxiv.2510.19494,AP92VJ7N,Quantum Machine Learning methods for Fourier-based distribution estimation with application in option pricing,doi
7e636e790901,10.48550/arxiv.2308.15475,FRRJ5NF4,Efficient DCQO Algorithm within the Impulse Regime for Portfolio Optimization,doi
7ea4faff382d,10.25397/f3ys-jj93,TGC5HXAJ,Quantum Enabled-Algorithms and Market Prediction and Execution for Ultra-Low-Latency High-Frequency Trading in Global Markets,doi
7eefd96d7f06,10.1103/PhysRevA.103.012418,C5222EST,Quantum algorithms for hedging and the learning of Ising models,doi
7f09d7df1f04,10.48550/arxiv.2601.03654,X3ENBX33,Quantum Classical Ridgelet Neural Network For Time Series Model,doi
7f5135581c08,10.48550/arxiv.2212.03223,4VI8993P,Financial Risk Management on a Neutral Atom Quantum Processor,doi
7f8c8060e256,10.1088/2058-9565/ae4a48,IFQHP76H,Quantifying the advantages of applying quantum approximate algorithms to portfolio optimisation,doi
8067dde1bb8c,10.48550/arxiv.2303.01909,GDM9U8B6,Finding the Optimal Currency Composition of Foreign Exchange Reserves with a Quantum Computer,doi
80db1bf3c910,10.3390/math12091391,X3KUEWVZ,Quantum Machine Learning for Credit Scoring,doi
81146d2c9f2a,10.4018/979-8-3373-3541-4.ch013,CTKIJKA4,Quantum-Enhanced Smart Computing Framework for Sustainable Credit Risk Decision Communication,doi
8154d6cc12dd,10.48550/arxiv.2509.12286,JVIHECPT,Prediction of Stocks Index Price using Quantum GANs,doi
81a3d1f2001c,10.48550/arxiv.2410.11997,HW8U7XTM,Quantum Computing for Multi Period Asset Allocation,doi
81e49eb92d04,10.48550/arxiv.2308.01427,B7JNW8Q2,Differential Evolution VQE for Crypto-currency Arbitrage. Quantum Optimization with many local minima,doi
81f92de64876,10.1109/QCE49297.2020.00017,HV8CMHU5,Quantum-Enhanced Simulation-Based Optimization,doi
822dbee7acfe,10.48550/arxiv.2506.08947,ACL72NZR,Scaling Portfolio Diversification with Quantum Circuit Cutting Techniques,doi
82475e54c193,10.22331/q-2023-10-03-1127,SNF77RXG,Quantum Encoding and Analysis on Continuous Time Stochastic Process with Financial Applications,doi
8273c874208a,10.1140/epjqt/s40507-025-00328-3,WMH4CSVR,Alternative pipeline for option pricing using quantum computers,doi
8372b98f0875,10.48550/arxiv.2208.01203,ZWV9UQ6Z,Unsupervised quantum machine learning for fraud detection,doi
845689734409,10.48550/arxiv.2505.14645,YLES869U,A quantum unstructured search algorithm for discrete optimisation: the use case of portfolio optimisation,doi
852010d3745d,10.48550/arxiv.2412.09714,SDQTPB5B,Combinatorial Amplitude Patterns via Nested Quantum Affine Transformations,doi
858a41cdb5b2,10.3390/engproc2021007045,56VH8SZJ,Quantum Arithmetic for Directly Embedded Arrays,doi
85e9109e6bb0,10.48550/arxiv.2503.11273,VATESQAK,Financial Fraud Detection with Entropy Computing,doi
85fbbb9f2a42,10.3390/e24111656,PD7J39JG,A Preprocessing Perspective for Quantum Machine Learning Classification Advantage in Finance Using NISQ Algorithms,doi
871c63b61487,10.48550/arxiv.2208.14623,76IJGHPJ,Extracting a function encoded in amplitudes of a quantum state by tensor network and orthogonal function expansion,doi
872cedb13e27,10.21203/rs.3.rs-8001093/v1,4BMBRXSR,Noise-Robust Quantum Generative Models for Distribution Learning and Efficient Data Loading,doi
88a78745d9de,10.1109/tqe.2023.3269525,U7CTF2DJ,Pricing Multiasset Derivatives by Variational Quantum Algorithms,doi
88e005f67ca2,10.48550/arXiv.2512.06630,7XXP3VI7,Quantum Temporal Convolutional Neural Networks for Cross-Sectional Equity Return Prediction: A Comparative Benchmark Study,doi
8908fea924fc,10.1103/PhysRevApplied.15.034027,6RMQ6VNC,Efficient State Preparation for Quantum Amplitude Estimation,doi
89418437f51c,10.48550/arxiv.2310.07427,DJBQTS4F,Quantum-Enhanced Forecasting: Leveraging Quantum Gramian Angular Field and CNNs for Stock Return Predictions,doi
8a2a16ffc826,10.1142/s0218348x22401624,VX9PHM8E,FORECASTING STOCK MARKET CRASHES VIA REAL-TIME RECESSION PROBABILITIES: A QUANTUM COMPUTING APPROACH,doi
8a2ce0575ff1,10.1109/QCE65121.2025.10322,9MKUAKQ7,Quantum Reinforcement Learning Trading Agent for Sector Rotation in the Taiwan Stock Market,doi
8b25d3b8029a,10.1587/transinf.2024edp7254,UDCBHFWE,Improved Quantum Approximate Optimization Algorithm Based on Conditional Value-at-Risk for Portfolio Optimization,doi
8c9ba2aeaa90,10.48550/arxiv.2512.22001,KGNKZWGF,Variational Quantum Eigensolver for Real-World Finance: Scalable Solutions for Dynamic Portfolio Optimization Problems,doi
8d89573f79ab,10.1002/que2.84,IQICAUFK,Quantum computation for pricing the collateralized debt obligations,doi
8d9fbaf6510b,10.31873/ijeas.5.10.17,BFWCCYI4,A time-Series Model Based on Quanntum Walk in terms of Quantum Bernoulli Noise,doi
8dad17700137,10.1038/s41598-023-45392-w,TR29KQDR,"Best practices for portfolio optimization by quantum computing, experimented on real quantum devices",doi
8e2194183afe,10.1109/qce57702.2023.10269,7C4SSHGM,Robustness of Quantum Algorithms Against Approximate Data Representations,doi
8e9d2c7faf8e,10.48550/arxiv.2203.13936,U3JF3QHU,Classically-Boosted Quantum Optimization Algorithm,doi
8f4819f14c13,10.1016/j.dsp.2024.104464,QIR9KDJS,Differential evolution VQE for crypto-currency arbitrage. Quantum optimization with many local minima,doi
8fec8d839e47,10.1109/CARS67163.2025.11337656,KE9C9K79,Q-DTN: A Quantum-Enhanced Framework for Secure Financial Risk Management,doi
914ea9b006b5,10.23919/INDIACom66777.2025.11115454,VRW59ANK,A Cirq-Enhanced Quantum Reinforcement Learning Model for High-Frequency Trading Optimization,doi
9170a0c2d3a2,10.1007/s42484-024-00144-5,ZD8F6AW4,The effects of quantum hardware properties on the performances of variational quantum learning algorithms,doi
91d09b729085,10.1109/tqe.2023.3337328,PRCEW2ET,Backtesting Quantum Computing Algorithms for Portfolio Optimization,doi
920b4d11e624,10.1088/1674-1056/ae2115,UDRHZP3H,Hybrid Quantum-Classical Neural Networks for Few-Shot Credit Risk Assessment,doi
9242f9c3e9d3,10.1109/iccies63851.2025.11033124,BV47X7HJ,Deep Learning with Quantum Computing Leveraging risk assessment financial optimization and detection of frauds,doi
924cd91fefd6,10.1109/netcrypt65877.2025.11102604,2KW72BI5,Implementing Quantum Machine Learning in Credit Card Fraud Detection,doi
9352e26d9232,10.1109/icrito56286.2022.9964828,X68MG3ZH,An Implementation of Quantum Machine Learning Technique to Determine Insurance Claim Fraud,doi
953d9d489a99,10.1109/icacrs67045.2025.11324310,NA6KX7EE,Python-Integrated Quantum–Classical Computing Framework for Intelligent Time-Series Prediction,doi
954608913b5d,10.1038/s42005-023-01331-9,N5UKJXCR,Constrained Optimization via Quantum Zeno Dynamics,doi
955dd8044889,10.48550/arxiv.2208.04382,D33TBRFF,Quantum Finance: a tutorial on quantum computing applied to the financial market,doi
95a7b64bceac,10.1109/icmctc62214.2025.11196584,2ZXZBE9H,Quantum Computing for Advanced Market Forecasting and Risk Management in Financial Services,doi
95ecf8c43fd1,10.48550/arxiv.2507.19402,KSXFQERP,FD4QC: Application of Classical and Quantum-Hybrid Machine Learning for Financial Fraud Detection A Technical Report,doi
9636cfb13bd3,10.1007/s42484-025-00330-z,KVP4W57G,A Quantum Model for Constrained Markowitz Modern Portfolio Using Slack Variables to Process Mixed-Binary Optimization under QAOA,doi
963ca4c12a61,10.64206/8xz2pv42,5XYKEDHQ,Quantum Risk Modeling Redefining Actuarial Science with Quantum Algorithms,doi
96baad0b46a9,10.1103/PhysRevA.98.022321,5YVHXWJ9,Quantum computational finance: Monte Carlo pricing of financial derivatives,doi
9700e75505fd,10.1103/physrevapplied.19.064001,IKH2FUQ9,Hybrid Quantum-Classical Algorithms for Loan-Collection Optimization with Loan-Loss Provisions,doi
970f45895147,10.1109/icscna63714.2024.10864082,E3IVB49P,Empirical Analysis of Classical and Quantum Algorithms for Portfolio Optimization: Enhancing Financial Decision-Making Through Quantum Computing,doi
9781ec456ae3,10.48550/arxiv.2511.02042,SH5RUZM7,Quantum-Enhanced Generative Models for Rare Event Prediction,doi
97969b2619bb,10.1007/s11128-021-03127-8,4WGIAM8K,Quantum speedup of Monte Carlo integration with respect to the number of dimensions and its application to finance,doi
980e150d15d2,10.48550/arxiv.2211.00004,B64WKHDI,Classical ensemble of Quantum-classical ML algorithms for Phishing detection in Ethereum transaction networks,doi
99b07636e459,10.1088/2058-9565/ad27e9,ZEAWZ3JA,Experimental implementation of quantum-walk-based portfolio optimization,doi
99d3efa89dee,10.1145/3655027,78STN6T2,A performance characterization of quantum generative models,doi
9a08c18dcfb8,10.48550/arXiv.2512.03696,834J3V9A,Quantum Topological Graph Neural Networks for Detecting Complex Fraud Patterns,doi
9a0fead8d1bd,10.21203/rs.3.rs-8649790/v1,STHNNVEW,Large-scale portfolio optimization using Pauli Correlation Encoding,doi
9aa8ee9654b4,10.1177/29767032251334589,692LGDHR,Quantum Differential Machine Learning,doi
9adffa072aa7,10.48550/arxiv.2111.11016,GP5XAQP4,Quantum algorithms for numerical differentiation of expected values with\n respect to parameters,doi
9b2873973a84,10.1016/j.neunet.2023.07.003,HS3WKG83,Quantum recurrent neural networks for sequential learning,doi
9b55a2fa0cd5,10.1109/icdacai65086.2024.00042,7MIQVEKS,Research and Application of Quantum Computing Algorithm for Asset Portfolio Optimization,doi
9bc9b29fc6af,10.48550/arXiv.2510.26217,P925MRI9,Hybrid LLM and Higher-Order Quantum Approximate Optimization for CSA Collateral Management,doi
9be7c1fe15c2,10.54392/irjmt26114,J272HBTK,Advancing Stock Price Prediction and Algorithmic Trading: Quantum Machine Learning for High-Frequency Optimization,doi
9eb296f23a10,10.48550/arxiv.2308.06081,KN6FRQAV,A Modular Engine for Quantum Monte Carlo Integration,doi
9f2d4ce48167,10.1117/12.3066304,CJD29F3T,Financial fraud detection with entropy quantum optimization versus classical machine learning,doi
9fd619b02b3e,10.1007/s11432-024-4411-8,DDRAPW5V,Quantum Computational Insurance and Actuarial Science,doi
a052f266d945,10.1049/enc2.12122,HKHJHG2A,Carbon market risk estimation using quantum conditional generative adversarial network and amplitude estimation,doi
a0bb411d1801,10.48550/arxiv.2403.19502,9F9WVSTM,On the potential of quantum walks for modeling financial return distributions,doi
a0e970f7273f,10.48550/arxiv.2105.11766,GM7J8AE7,An evolving objective function for improved variational quantum optimisation,doi
a1125822ca6a,10.48550/arxiv.2111.00796,VC9LZQZM,Quantum optimisation via maximally amplified states,doi
a254eea1f1d3,10.48550/arxiv.2308.01844,4FE36K4K,A novel approach for quantum financial simulation and quantum state preparation,doi
a254f338377d,10.1177/29767032251333418,Z6MJK46E,Quantum Advantage in Trading: A Game-Theoretic Approach,doi
a2b17048118b,10.52783/jisem.v10i8s.1193,UKJFFIT9,Quantum Machine Learning Technique for Insurance Claim Fraud Detection with Quantum Feature Selection,doi
a326ebb75ee1,10.53555/kuey.v30i1.6903,RGGAERJF,Quantum Ensemble Optimisation: Revolutionizing Investment Portfolio Management with QAOA and VQE Integration,doi
a426a8634e23,10.22219/kinetik.v10i1.2024,UIDKJSSB,Analyzing Perceptron Algorithm for Global Gold Price Prediction using Quantum Computing Approach,doi
a4777ce71497,10.1109/qce60285.2024.00034,ZHT46J7Q,Quantum Amplitude Loading for Rainbow Options Pricing,doi
a4c29a22413b,10.2139/ssrn.3922040,UDVECAJ4,Quantum Circuit Learning to Compute Option Prices and Their Sensitivities,doi
a5b68f8e6d90,10.48550/arxiv.2308.05237,S6DM2WA6,Financial Fraud Detection: A Comparative Study of Quantum Machine Learning Models,doi
a64e9d084306,10.32604/jqc.2022.027683,TH5SDUAP,Study on Quantum Finance Algorithm: Quantum Monte Carlo Algorithm based on European Option Pricing,doi
a801ca3560e0,10.2139/ssrn.5172167,QCW67ZUV,Quantum Machine Learning: An Application of Quantum Support Vector Machines for Financial Data Classification,doi
a82edc88ba8d,10.1145/3731599.3767550,F9STRHL4,A Practical Quantum Solver for Multidimensional Partial Differential Equations,doi
a9e4b00c1fae,10.1109/ic-sit63503.2024.10862667,N5FRXX62,QLSTM4FM: Quantum Assisted Long Short-Term Memory Framework for Financial Market Trend Forecasting,doi
a9f80168c4a0,10.48550/arxiv.2305.09501,KWAG4ZWU,Energy risk analysis with Dynamic Amplitude Estimation and Piecewise Approximate Quantum Compiling,doi
a9fb068595f2,10.1109/icsec67360.2025.11298113,DGJIBMC7,Call Option Pricing Using Quantum Amplitude Estimation: A Comparative Study with Monte Carlo Simulation,doi
aa432e276bff,10.1140/epjqt/s40507-022-00124-3,NK3FPP4M,Bermudan option pricing by quantum amplitude estimation and Chebyshev interpolation,doi
aa6d0e7e53a5,10.48550/arXiv.2509.25245,SB2AMZAH,Comprehensive Analysis of VQC for Financial Fraud Detection: A Comparative Study of Quantum Encoding Techniques and Architectural Optimizations,doi
aa74f873e447,10.1109/ComComAp68359.2025.11353178,N3WPCAC3,Quantum-Enhanced Generative Models for Rare Event Prediction,doi
abe124850283,10.48550/arxiv.2603.03803,6PV9N6UV,Approximate Amplitude Encoding with the Adaptive Interpolating Quantum Transform,doi
abf670013010,10.62802/hazn6723,RQFSBM3H,Quantum-Enhanced Optimization of Smart Contract Execution for Automated Financial Services,doi
ac9a031452bb,10.56975/jaafr.v3i12.501605,T3HZ5SUF,Hybrid Quantum Classical Intelligence for Business: A Reference Architecture for Predictive Analytics and Decision Optimization,doi
acc55c7d6a2a,10.62802/h0w3vm29,GQE94IBZ,Quantum Computing Approaches to Portfolio Optimization Under Risk and Market Uncertainty,doi
ad0844abb348,10.48550/arxiv.2407.19857,9PE6WJJQ,PO-QA: A Framework for Portfolio Optimization using Quantum Algorithms,doi
ad79bfb0cfd8,10.9734/ajrcos/2025/v18i4613,3MSS83F8,Quantum Machine Learning for Secure Financial Forecasting: Mitigating Data Breaches and Adversarial Exploits,doi
add09b8c5e11,10.1007/978-3-032-13852-1_34,JIZ6LLD9,Q-PORT: Quantum Portfolio Optimization with Resource-Efficient Encoding and Scalability Analysis,doi
add512163d77,10.48550/arXiv.2509.16955,W8ZMFEB6,Quantum Adaptive Self-Attention for Financial Rebalancing: An Empirical Study on Automated Market Makers in Decentralized Finance,doi
ae51e00743b2,10.48550/arxiv.2104.14214,IIHWHQKN,Quantum Quantitative Trading: High-Frequency Statistical Arbitrage Algorithm,doi
af5d5a990937,10.1109/vlsi-soc57769.2023.10321843,QPNF4E4F,Optimized Quantum Circuit Implementation of Payoff Function,doi
afa84e1d94cf,10.1109/QCE57702.2023.00070,9H75GG2N,Quantum Architecture Search for Quantum Monte Carlo Integration via Conditional Parameterized Circuits with Application to Finance,doi
b10591681791,10.1109/access.2024.3506981,UG545TCK,Enhancing Knapsack-Based Financial Portfolio Optimization Using Quantum Approximate Optimization Algorithm,doi
b155d83ad4b5,10.1109/QCE65121.2025.10344,PMSPT97Q,Quantum Portfolio Optimization with Expert Analysis Evaluation,doi
b1aad69bad2c,10.25397/pg0d-8b42,GG2SEVB2,Quantum-Driven Paradigms: Pioneering Artificial Intelligence Beyond Classical Borders,doi
b43110ee807d,10.48550/arxiv.2404.10088,VGWG9T9T,Quantum Risk Analysis of Financial Derivatives,doi
b4634f8d9776,10.1109/ccpqt66408.2025.11383198,V52PXWGP,Quantum Support Vector Machine for Fraud Detection,doi
b5820c538b42,10.48550/arxiv.2110.15958,2DI9BHIU,Solving Linear Systems on Quantum Hardware with Hybrid HHL++,doi
b62275ba4e8f,10.1109/comsnets59351.2024.10427192,N5EHP53A,Time-Series Forecasting Using Continuous Variables-Based Quantum Neural Networks,doi
b660e6ffe7f2,10.48550/arxiv.2306.12303,7VJF5XR3,A New Initial Distribution for Quantum Generative Adversarial Networks to Load Probability Distributions,doi
b69e5fca1ee6,10.48550/arxiv.2509.08385,48DTVSSH,LLM-Guided Ansätze Design for Quantum Circuit Born Machines in Financial Generative Modeling,doi
b6a55230434d,10.48550/arxiv.2011.07319,PFHXQXCP,Application of deep quantum neural networks to finance,doi
b76db96a4af5,10.48550/arxiv.2506.02068,UWE4U62V,Enhancing Interpretability of Quantum-Assisted Blockchain Clustering via AI Agent-Based Qualitative Analysis,doi
b799681e41da,10.48550/arxiv.2509.15138,AJ64WIH9,Sampled-Based Guided Quantum Walk: Non-variational quantum algorithm for combinatorial optimization,doi
b8dcb2e989c2,10.30598/arujournalvol6iss1pp68-77,7S6CCMVZ,Pengaruh Quantum Trading Algorithm Terhadap Volatilitas Harga Saham LQ45,doi
b94d98f5a637,10.1002/wilm.10918,44NUS8RU,A Quantum Walk Model of Financial Options,doi
b9503b475ef7,10.48550/arxiv.1911.05296,UPKW8J27,Portfolio rebalancing experiments using the Quantum Alternating Operator Ansatz,doi
b9793b3d8619,10.1364/ofc.2024.w1f.3,CFHVNBAA,Integrated Photonic Computing Chip For Unary-Based Option Pricing,doi
b97e7f0690c5,10.1109/itc-cscc62988.2024.10628188,G3J8WQNS,A Quantum Circuit Design for Quantum Portfolio Optimization Problem,doi
b9898808569b,10.20944/preprints202602.0745.v1,DQWXMX4X,Empirical Evaluation of Quantum Kernel Learning for Sector Rotation Prediction: Using Fama–French 10 Industry Portfolios,doi
b9aa74e4bc0d,10.1109/fmlds63805.2024.00084,TATSIP5R,An Empirical Study on Enhancing Explainability Through Quantum Machine Learning for Credit Risk Analysis,doi
b9bbd2d099f0,10.54946/wilm.12175,9EVLWX6V,"Quantum Binomial Tree, An Effective Method for Probability Distribution Loading for Derivative Pricing",doi
b9ec84f4d48c,10.1103/PhysRevResearch.3.013167,M2W2SV82,Towards Pricing Financial Derivatives with an IBM Quantum Computer,doi
ba792b0b6f24,10.1002/for.70047,8D2UBT7G,A Novel Decomposition‐Ensemble Approach for Forecasting Stock Price With Quantum Neural Network and Big Data,doi
ba8b763050ae,10.1109/icssas64001.2024.10760503,QMIBJXTK,A Comparative Technique with Credit card based Fraud detection with Machine Learning and Quantum Algorithm,doi
ba8e571f1e45,10.1109/access.2024.3432312,BWDZWPX8,Evaluating the Computational Advantages of the Variational Quantum Circuit Model in Financial Fraud Detection,doi
ba9b439040f0,10.62802/krgj1w70,6NJR7K4J,Quantum Algorithms for Portfolio Optimization in Finance,doi
bb0210fb8e67,10.1109/dac63849.2025.11133130,ISRUPQBW,SAPO: Improving the Scalability and Accuracy of Quantum Linear Solver for Portfolio Optimization,doi
bb719c33a7f1,10.48550/arxiv.2404.04911,3IMSTU3Q,Comparative Study of Quantum-Circuit Scalability in a Financial Problem,doi
bc8d838c7545,10.1137/21m1397878,9MQPSEDJ,Short Communication: A Quantum Algorithm for Linear PDEs Arising in Finance,doi
bcd1adfba1e5,10.1109/itt69610.2025.11352910,H7ESMXXT,The Qubit Shift: Unveiling Next-Generation Deep Learning with Quantum Computing,doi
bcfb2bcd887f,10.36227/techrxiv.175750771.12895702/v1,H6SUIMWS,Adaptive Quantum Entanglement Networks for Real-Time Financial Fraud Detection: A Novel Framework with Temporal Correlation Analysis,doi
bf12463fd336,10.37745/ejcsit.2013/vol13n50116127,B4PPMBA9,Quantum Entanglement of Financial Data: Visualizing Multi-Dimensional Fraud Pattern Detection in Banking Transactions,doi
bf1f4204b1e6,10.1088/2399-6528/acd2a4,4N9TLKGK,Quantum advantage of Monte Carlo option pricing,doi
c065a97bd065,10.48550/arxiv.2311.01531,GBNBKJH6,Quantum Variational Solving of Nonlinear and Multi-Dimensional Partial Differential Equations,doi
c0d24cf1b7ed,10.4236/jqis.2020.103005,NCPWVKGN,Practical Meta-Reinforcement Learning of Evolutionary Strategy with Quantum Neural Networks for Stock Trading,doi
c0da85ef2954,10.1109/QCE60285.2024.10266,JQ5YJ3LS,Train-and-Scaling the Quantum Alternating Operator Ansatz to Solve Portfolio Diversification,doi
c0fc8b113e0f,10.48550/arxiv.2512.00870,NPJAN6NR,Opportunities and Challenges for Data Quality in the Era of Quantum Computing,doi
c1358ec0f6a6,10.48550/arxiv.2207.01558,PCHN536G,Quantum Computation for Pricing Caps using the LIBOR Market Model,doi
c1aa6c306cde,10.48550/arxiv.2308.08448,C3J8EEB5,Implementing Quantum Generative Adversarial Network (qGAN) and QCBM in Finance,doi
c21e5c3f4079,10.48550/arxiv.2208.03283,WHE8IUI7,Hybrid Gate-Based and Annealing Quantum Computing for Large-Size Ising Problems,doi
c408224c2f59,10.48550/arxiv.2504.19632,XZUA85VW,QFDNN: A Resource-Efficient Variational Quantum Feature Deep Neural Networks for Fraud Detection and Loan Prediction,doi
c434305b37fb,10.48550/arxiv.2601.06865,UP2HA784,Quantum Circuit-Based Adaptation for Credit Risk Analysis,doi
c43a47ce0c1a,10.1109/gccit63234.2024.10862508,4HQPH3J5,Fraud Detection using Quantum Machine Learning(QML),doi
c44a5eb1ea97,10.48550/arxiv.2012.06283,JPD7PH6F,Quantum-accelerated multilevel Monte Carlo methods for stochastic differential equations in mathematical finance,doi
c46b48afaa7c,10.1007/s11128-022-03777-2,HAV3BNMX,Quantum computing for financial risk measurement,doi
c47a454352d5,10.48550/arxiv.2302.12500,8J358FPQ,Preparing random state for quantum financing with quantum walks,doi
c4e919f71785,10.1109/TQE.2021.3063635,2R6I3FUD,Quantum Algorithms for Mixed Binary Optimization applied to Transaction Settlement,doi
c574b9382bbf,10.48550/arxiv.2512.06630,7XXP3VI7,Quantum Temporal Convolutional Neural Networks for Cross-Sectional Equity Return Prediction: A Comparative Benchmark Study,doi
c57f6422ed7b,10.3929/ethz-b-000382432,35MFS5FG,Quantum Generative Adversarial Networks for learning and loading random distributions,doi
c5fa20e739f7,10.48550/arxiv.2407.05589,Q9K75Q3S,Improving the trainability of VQE on NISQ computers for solving portfolio optimization using convex interpolation,doi
c60694a1e2ed,10.63278/jicrcr.vi.3419,RAZXF2C7,Quantum Machine Learning For Credit Risk: A Next-Generation Approach To Risk Assessment,doi
c6422717f546,10.1109/icicr65456.2025.00119,4TCRMG3U,Enterprise Portfolio Optimization Based on Particle Swarm Optimization and Quantum Approximate Optimization Algorithm,doi
c6d03068fd05,10.48550/arxiv.2404.02595,RAHBRA6W,QFNN-FFD: Quantum Federated Neural Network for Financial Fraud Detection,doi
c70ae91a70de,10.1038/s41534-026-01192-4,P6AKINHB,The Lie Algebra of XY-mixer Topologies and Warm Starting QAOA for Constrained Optimization,doi
c759041ceebc,10.1142/s2010324724400101,VVQ26866,Research on Financial Market Prediction Model Based on Big Data and Quantum Computing,doi
c7b77a40d1ea,10.1145/3677052.3698679,P8MB4W4I,Quantum Generative Models of Mid-Price Movement in Limit Order Books,doi
c7c7d7851588,10.48550/arxiv.2301.10756,N2VVH4K9,Fermionic Quantum Approximate Optimization Algorithm,doi
c7d33a63a50e,10.1177/29767032251377083,8Z6GGD57,Quantum Risk Analysis: Beyond (Conditional) Value-at-Risk,doi
c7df20032013,10.22331/q-2023-11-29-1191,X3GE2KG6,Quantum Deep Hedging,doi
c85b1f95ca15,10.1002/wilm.10943,73EP6AT7,Non‐Differentiable Leaning of Quantum Circuit Born Machine with Genetic Algorithm,doi
c8872ea43678,10.62311/nesx/rphcrcscrqc1,IDSA4CQM,Quantum Machine Learning for Pattern Recognition in Financial Fraud Detection,doi
c8f73887462d,10.48550/arxiv.2410.03926,5DZ3FUF6,Quantum Monte Carlo Integration for Simulation-Based Optimisation,doi
c923ebc5e1dc,10.48550/arxiv.2211.13039,P3RD9I52,Approximate complex amplitude encoding algorithm and its application to data classification problems,doi
c945ded90aa0,10.1364/PRJ.493865,FZJJXBXG,Efficient option pricing with unary-based photonic computing chip and generative adversarial learning,doi
c950657aa481,10.3390/computers14040137,EXB24Q7A,Quantum Testing of Recommender Algorithms on GPU-Based Quantum Simulators,doi
cab849abe702,10.48550/arxiv.2511.18804,MFRSSJU3,Diagram-to-Circuit QNLP for Financial Sentiment Analysis,doi
cb19eb039ea0,10.1007/s10489-026-07110-7,4Z8QMPNM,Comparative Performance Analysis of Quantum Machine Learning Architectures for Credit Card Fraud Detection,doi
cb8d976cb90c,10.48550/arxiv.2511.14420,RD4NZ9PW,Explicit block-encoding for partial differential equation-constrained optimization,doi
cbc953d2f213,10.47001/irjiet/2024.805042,99ZR5PJW,Quantum-Assisted Machine Learning for Enhanced Fraud Detection in Cybersecurity,doi
cc3196e053ee,10.1109/qce57702.2023.10175,GBRKTF97,Towards An End-To-End Approach For Quantum Principal Component Analysis,doi
ccdba169348e,10.1109/comcomap68359.2025.11353178,N3WPCAC3,Quantum-Enhanced Generative Models for Rare Event Prediction,doi
cded9dd64213,10.1007/978-981-97-3302-6_39,CXE925RE,"Variational Quantum Algorithms in Anomaly Detection, Fraud Indicator Identification, Credit Scoring, and Stock Price Prediction",doi
cdf086342387,10.48550/arxiv.2202.00599,5CRZCF76,Quantum Machine Learning in Finance: Time Series Forecasting,doi
ce2db00aac7a,10.1088/1367-2630/ac5003,NVJ95D6R,Quantum algorithm for credit valuation adjustments,doi
cf0d84ba3b6a,10.1109/qce52317.2021.00083,M5R2UXBW,Experiments on Fraud Detection use case with QML and TDA Mapper,doi
cf15566d165b,10.1360/sspma-2024-0471,EKXAI2JF,Quantum algorithm for angle-based anomaly detection,doi
cf30c27e711a,10.1109/icdmw69685.2025.00428,TMH4WVD4,A Critical Analysis of a Multi-Input Cnn Architecture for Quantum-Enhanced Forecasting,doi
cf5907049dbb,10.1109/qce60285.2024.00046,2ANGW3C6,Quantum Algorithm for Copula-Based Risk Aggregation using Orthogonal Series Density Estimation,doi
cf803ec26409,10.48550/arxiv.2304.06915,4ASXPSMG,Quasi-binary encoding based quantum alternating operator ansatz,doi
cf8de5885b73,10.48550/arxiv.2308.13063,KJ4PX26F,Grover Search for Portfolio Selection,doi
cf9049abcad1,10.64206/99ssyx46,ECM7KA2F,Quantum-Enhanced Graph Analytics: A Hybrid AI Framework for Seller Fraud Detection in Online Marketplaces,doi
d05bf542e350,10.48550/arxiv.2601.18811,442BRAJJ,Variational Quantum Circuit-Based Reinforcement Learning for Dynamic Portfolio Optimization,doi
d169bf320747,10.48550/arxiv.2508.13954,G72MKVEF,Multiclass Portfolio Optimization via Variational Quantum Eigensolver with Dicke State Ansatz,doi
d1e6a91e7f11,10.48550/arxiv.2309.01127,R4QWTIMP,Financial Fraud Detection using Quantum Graph Neural Networks,doi
d24184e88415,10.48550/arxiv.2303.16588,4HKJ88RV,Quantum amplitude estimation with error mitigation for time-evolving probabilistic networks,doi
d300ac850bd9,10.1088/1402-4896/ad5c1d,NT73CIV9,Portfolio optimization based on quantum linear algorithm,doi
d336b9221e67,10.48550/arxiv.2410.20841,GF6F66R4,Quantum Computational Insurance and Actuarial Science,doi
d37354bd1037,10.48550/arXiv.2410.11997,HW8U7XTM,Quantum Computing for Multi Period Asset Allocation,doi
d388ccd2fff8,10.1007/978-3-031-99786-0_4,FPBN7ZFD,A Hybrid Quantum–Classical LSTM Approach for Predicting the Stock Market,doi
d3bf87c97dee,10.48550/arxiv.2307.07193,F5U37M7F,Exponential Qubit Reduction in Optimization for Financial Transaction Settlement,doi
d429e0713a3d,10.26204/kluedo/9328,PXBCJLCB,Quantum Computing in Option Pricing,doi
d560c2df6ac0,10.3390/electronics13112158,KGRBFEUC,Enhancing Financial Time Series Prediction with Quantum-Enhanced Synthetic Data Generation: A Case Study on the S&P 500 Using a Quantum Wasserstein Generative Adversarial Network Approach with a Gradient Penalty,doi
d76ce1e8a91b,10.1007/s13218-024-00870-9,AYWMVHY3,Quantum Computational Finance: Quantum Algorithm for Portfolio Optimization,doi
d8015cdf389e,10.1088/2632-2153/ab9009,XEDASJNQ,Classical versus Quantum Models in Machine Learning: Insights from a Finance Application,doi
d85be19938f4,10.48550/arxiv.2008.04110,58TBPCDC,Quantum Computation for Pricing the Collateralized Debt Obligations,doi
d8858dd025e5,10.1109/QCE65121.2025.00175,D6FB2DTC,A Privacy-Preserving Federated Framework with Hybrid Quantum-Enhanced Learning for Financial Fraud Detection,doi
d919ba675da3,10.54946/wilm.12042,IWTJJU7S,Application of Deep Quantum Neural Networks to Finance,doi
d98a7ef46c35,10.48550/arxiv.2512.12689,G7Q5HDQB,FiD-QAE: A Fidelity-Driven Quantum Autoencoder for Credit Card Fraud Detection,doi
da48095bcac8,10.14495/jsiaml.16.105,I2ST9VWC,Application of quantum Monte Carlo integration to Markovian backward stochastic differential equations,doi
da6daad97e37,10.4018/979-8-3373-3551-3.ch006,5JSQMVWD,Synergizing Edge AI and Quantum Machine Learning for Real-Time Cyber Threat Mitigation,doi
da7ecd113b59,10.1109/qce65121.2025.00267,8GGETC3E,Autocallable Options Pricing with Integration-Based Exponential Amplitude Loading,doi
db0868f018ba,10.1063/5.0258074,ZZTYQUID,Error and Resource Estimates of Variational Quantum Algorithms for Solving Differential Equations Based on Runge-Kutta Methods,doi
db261ea6c735,10.1109/qcnc64685.2025.00075,IAZSED3X,Enhancing Classification Accuracy with Quantum Non-Negative Matrix Factorization and Quantum Support Vector Machines,doi
dbe1e9d1911e,10.1016/j.eswa.2022.116583,JDS5UM97,QuantumLeap: Hybrid quantum neural network for financial predictions,doi
dca63675e36a,10.1109/ICICAT68430.2025.11414552,YU976KEK,Hybrid Quantum Deep Learning for Financial Market Trend Prediction,doi
dcc9f218d7a2,10.48550/arxiv.2601.04049,A5XBCJZW,Quantum computing for multidimensional option pricing: End-to-end pipeline,doi
dd43141323b8,10.1109/QCE57702.2023.10178,SZ8ZQ3FK,Applying QNLP to sentiment analysis in finance,doi
dd4a45af4eb4,10.37394/23207.2024.21.151,UKA9S47V,Wavelet Based Financial Forecast Ensemble Featuring Hybrid Quantum-Classical LSTM Model,doi
dd6b533767c3,10.15622/ia.24.2.11,FKQMN242,Factoring Decision Support System Based on Optimized Quantum Algorithms QMC,doi
dd6bbf2bf180,10.1103/physrevresearch.3.013167,M2W2SV82,Toward pricing financial derivatives with an IBM quantum computer,doi
dd846d58c0b9,10.48550/arxiv.2402.05549,6XP9JAAZ,Transfer learning of optimal QAOA parameters in combinatorial optimization,doi
ddd77f0637f4,10.1088/2632-2153/ae39a2,65A9PE7W,Quantum generative modeling for financial time series with temporal correlations,doi
deb2ea7baca5,10.48550/arxiv.2506.15936,7VVRYZA6,Mixed-Signal Quantum Circuit Design for Option Pricing Using Design Compiler,doi
deca35659719,10.1117/12.3002220,C6HBAUME,A hybrid quantum-classical approach to warm-starting optimization,doi
dfe7c7ebfb9f,10.1109/icrtac59277.2023.10480826,9VJWC834,Financial Portfolio Optimization: A QAOA and VQE Formulation for Sharpe Ratio Maximization,doi
e0532e9f1a61,10.48550/arxiv.2303.09682,9T5T6EZ9,"Quantum Monte Carlo simulations for financial risk analytics: scenario generation for equity, rate, and credit risk factors",doi
e0a04002122e,10.1145/3603273.3631193,HBQQIPC7,QAOA-based MRMR Algorithm for Feature Selection,doi
e0b170657e2b,10.3390/math11204355,88E5ACH2,VaR Estimation with Quantum Computing Noise Correction Using Neural Networks,doi
e1288a3abc99,10.48550/arxiv.2404.14115,5SHNNWX8,Pricing of European Calls with the Quantum Fourier Transform,doi
e2577edb2965,10.48550/arXiv.2509.13818,KT3R2H6B,Hybrid Quantum-Classical Neural Networks for Few-Shot Credit Risk Assessment,doi
e2976806d26c,10.1016/j.sciaf.2024.e02299,QJWK3AJH,Enhancing African market predictions: Integrating quantum computing with Echo State Networks,doi
e366a47d08de,10.22331/q-2024-04-04-1306,E4CK4WBJ,"Quantum Monte Carlo simulations for financial risk analytics: scenario generation for equity, rate, and credit risk factors",doi
e3ccb8cc6354,10.48550/arxiv.2109.12896,XBMQRFFJ,Pricing multi-asset derivatives by finite difference method on a quantum computer,doi
e40a21367703,10.37425/2hj0r024,3M7S6DTW,Stock price prediction: a comparative analysis of classical and quantum neural networks,doi
e4bb7333aaa5,10.48550/arxiv.2403.04296,7ZEF2M2C,Variational quantum eigensolver with linear depth problem-inspired ansatz for solving portfolio optimization in finance,doi
e4cc3a4835ea,10.48550/arxiv.2511.14786,V9GSMSS9,Hybrid Quantum-Classical Machine Learning with PennyLane: A Comprehensive Guide for Computational Research,doi
e4ff7159708b,10.1038/s41598-025-97245-3,EN9GK2J9,Simulating the non-Hermitian dynamics of financial option pricing with quantum computers,doi
e53a9047880e,10.1109/aibthings66987.2025.11296267,WADWPFTU,Hybrid Quantum-Classical Neural Network (HQCNN) for Crypto Price Forecasting,doi
e5bf6b9bb57c,10.3390/e27050490,WFQPZTG2,Exploring Quantum Neural Networks for Demand Forecasting,doi
e667225d4f3c,10.55640/ijidml-v02i02-01,DMUJB2DJ,ADVANCING FINANCIAL PREDICTION THROUGH QUANTUM MACHINE LEARNING,doi
e69606eda4d4,10.1177/18758967251388256,82TARN4U,Deep Neural Networks and Fan Tokens’ Pricing in Football Clubs,doi
e6d5993eabdd,10.48550/arXiv.2505.00137,E7CHZCD5,Toward Practical Quantum Machine Learning: A Novel Hybrid Quantum LSTM for Fraud Detection,doi
e6ece474516c,10.22331/q-2021-06-17-479,7QC4JQVC,Warm-starting quantum optimization,doi
e71143fc75ea,10.1145/3768292.3770352,RRIF67AZ,Quantum Optimization of Currency Arbitrage via Graph-Informed Entanglement Strategies,doi
e8333614ccce,10.5281/zenodo.18843183,5CEQD5J8,CCA³-SGAD: Quantum Amplitude Amplification for Combinatorial Search on Sparse Graphs,doi
e9b892fcd6fc,10.53759/7669/jmc202505024,X5FVK3Q4,Toward Efficient Credit Card Fraud Detection: Leveraging Quantum Neural Networks and Modified Feature Selection Techniques,doi
e9e49c657667,10.62802/zacbaj90,L7YRURLX,Scenario-Based Macroeconomic and Financial Forecasting Using Quantum-Enhanced Models,doi
ea4504852540,10.2139/ssrn.4216595,SHIZMCPJ,"Quantum Binomial Tree, an Exponential Speedup for Derivative Pricing",doi
ea4b39301625,10.21203/rs.3.rs-4582391/v1,C4C5WC68,Improved Quantum Approximate Optimization Algorithm based on Conditional Value-at-Risk for Portfolio Optimization,doi
eb9b2edee442,10.48550/arxiv.2203.04924,2VZ36QZC,Quantum Advantage for Multi-option Portfolio Pricing and Valuation Adjustments,doi
ebbdd376073e,10.1109/QCE60285.2024.00046,2ANGW3C6,Quantum algorithm for copula-based risk aggregation using orthogonal series density estimation,doi
ecd17525083d,10.62802/xce3gn85,CTSANS2A,Quantum Approximate Optimization Algorithm for Large-Scale Portfolio Selection with Multi-Factor Constraints,doi
ed0de8d44eff,10.58445/rars.3542,WQXMSW3Z,Quantum Thinking in Finance,doi
ed111831958f,10.1140/epjqt/s40507-022-00153-y,SE84ZN85,Quantum algorithm for calculating risk contributions in a credit portfolio,doi
ef5568395d8c,10.3390/e22091056,745JJSQT,Financial Performance Analysis in European Football Clubs,doi
ef9db5fc8faa,10.64206/yk0c9a08,EQET5SKH,Reinforcement Learning Meets Quantum Optimization: A New Paradigm for Dynamic Portfolio Management,doi
f02939adf369,10.1002/qute.202400411,4D2S2Z9F,Power Law Amplitude Estimation for Option Pricing with NISQ Devices,doi
f054252b17db,10.30574/wjarr.2025.26.2.1767,MAZ44Z4T,Adaptive AI and quantum computing for real-time financial fraud detection and cyber-attack prevention in U.S. healthcare,doi
f123e5ead03b,10.48550/arxiv.2108.09014,5QF85ATI,Bermudan option pricing by quantum amplitude estimation and Chebyshev interpolation,doi
f190da5cb928,10.48550/arxiv.2601.01516,HT3PJHPA,Constraint-Aware Quantum Optimization via Hamming Weight Operators,doi
f1cdc4d681b5,10.1109/qce53715.2022.00154,44Q7X3DF,Unraveling the Effect of COVID-19 on the Selection of Optimal Portfolio Using Hybrid Quantum-Classical Algorithms,doi
f20042024dc6,10.48550/arxiv.2308.13642,CBYY2AXY,The Potential of Quantum Techniques for Stock Price Prediction,doi
f362fd204c2b,10.1109/ic363308.2025.10956507,FUU7DZJ9,Hybrid Classical-Quantum Generative Algorithms for Financial Modelling and Prediction,doi
f3a41b21a780,10.48550/arxiv.2103.13211,CMR9RRAT,Approximate amplitude encoding in shallow parameterized quantum circuits and its application to financial market indicator,doi
f3c77d3e6ee0,10.1007/s42484-026-00363-y,DSKGTKVA,Hybrid Quantum-Classical Algorithm for Robust Optimization via Stochastic-Gradient Online Learning,doi
f407c516e84f,10.48550/arxiv.2008.12050,6JWJCK9U,Hybrid quantum-classical optimization for financial index tracking,doi
f41ef2bd968c,10.1140/epjqt/s40507-022-00125-2,6S93IP6X,Quantum pricing with a smile: implementation of local volatility model on quantum computer,doi
f4883fc328d4,10.15408/inprime.v7i1.44960,9ZVQUN2Q,Error-Resilient Quantum Machine Learning for Real-World Optimization Problems in Finance and Supply Chain Networks,doi
f4e582f59d68,10.48550/arxiv.2412.13878,56F53QTQ,Benchmarking Quantum Models for Time-series Forecasting,doi
f4e9c93acb94,10.21203/rs.3.rs-6528572/v1,8CJBF6NP,Quantum Walks–Based Adaptive Distribution Generation with Efficient CUDA-Q Acceleration,doi
f55fea197b67,10.21203/rs.3.rs-7907390/v1,R5Z6WDKL,Comparative analysis of loan risk forecasting using quantum machine learning and classical machine learning models,doi
f570d95b26f4,10.48550/arXiv.2511.19150,DI3SR2JT,Feature Ranking in Credit-Risk with Qudit-Based Networks,doi
f761ba2b191d,10.48550/arxiv.2512.15738,4VD7R88E,Hybrid Quantum-Classical Ensemble Learning for S\&amp;P 500 Directional Prediction,doi
f90adf90a78a,10.48550/arxiv.2410.16331,AG24VZF4,Exploring Quantum Neural Networks for Demand Forecasting,doi
f93112e0b03a,10.48550/arxiv.2210.03210,VKU7443J,"Universal Quantum Speedup for Branch-and-Bound, Branch-and-Cut, and Tree-Search Algorithms",doi
f94276561f48,10.1109/comsnets59351.2024.10427073,5TFISX5F,Generative Learning with Qopula Circuits,doi
f96f14134a21,10.32388/vdz7jk,AMMP2ZZB,Hybrid Quantum Neural Networks with Amplitude Encoding: Advancing Recovery Rate Predictions,doi
f9e5b6ee139d,10.48550/arxiv.2312.00260,HFPMW4PI,Quantum Multiple Kernel Learning in Financial Classification Tasks,doi
fbaaa4d89d56,10.48550/arxiv.2002.07389,H8EV626X,Quantum Implementation of Risk Analysis-relevant Copulas,doi
fbec16f60f72,10.48550/arxiv.2501.15614,S68626Q7,Exponential Improvement on Asian Option Pricing Through Quantum Preconditioning Methods,doi
fd31c17753a0,10.1007/s42452-025-06999-y,BJ69I5PS,Financial fraud detection using a hybrid deep belief network and quantum optimization approach,doi
fdc49be32988,10.1007/s42484-024-00222-8,K3Z7N8AC,Coherent feed-forward quantum neural network,doi
fddc282dba6f,10.1109/QAI63978.2025.00070,TFW6D88W,Portfolio construction using a sampling-based variational quantum scheme,doi
fe91ad8edae4,10.48550/arxiv.2504.17923,ZZ65536S,EAQGA: A Quantum-Enhanced Genetic Algorithm with Novel Entanglement-Aware Crossovers,doi
fea476c8c499,10.1007/s42484-024-00157-0,XMAJ8R6U,Improved financial forecasting via quantum machine learning,doi
fecff5249e72,10.1038/s41534-021-00459-2,B28R5NMG,Quantum-enhanced analysis of discrete stochastic processes,doi
ff36740b3b52,10.1140/epjqt/s40507-025-00323-8,LJ7D7WMQ,Quantum powered credit risk assessment: a novel approach using Hybrid Quantum-Classical Deep Neural Network for Row-Type Dependent Predictive Analysis,doi
ff46fac9e8e5,10.48550/arxiv.2503.15403,S2MIH5P9,HQNN-FSP: A Hybrid Classical-Quantum Neural Network for Regression-Based Financial Stock Market Prediction,doi
5413b7728054,10.15680/IJIRSET.2022.1109004,,Quantum Machine Learning: Harnessing Quantum Algorithms for Supervised and Unsupervised Learning,processed_frontmatter_doi
7cfdb2957f6c,10.1109/DCABES50732.2020.00086,,Demonstration of quantum linear equation solver on the IBM qiskit platform,processed_frontmatter_doi
e922f913e80b,10.1140/epjqt/s40507-025-00453-z,,Quantum algorithm for solving McKean-Vlasov stochastic differential equations,processed_frontmatter_doi
